room_id,host_id,room_type,borough,neighborhood,reviews,overall_satisfaction,accommodates,bedrooms,price,minstay,latitude,longitude,last_modified
5588903,6614402,Private room,,Yellowknife,12,5,2,1,70,1,62.442129,-114.416639,35:50.0
9296487,21495533,Private room,,Yellowknife,10,4.5,2,1,50,2,62.441762,-114.409459,35:46.4
14790717,14828046,Private room,,Yellowknife,6,5,2,1,78,1,62.457927,-114.361619,35:41.2
9998635,51364591,Private room,,Yellowknife,3,5,2,1,87,1,62.446927,-114.374536,35:37.2
6577784,26388248,Private room,,Yellowknife,50,5,2,1,78,1,62.448686,-114.367895,35:20.2
4988093,6614402,Private room,,Yellowknife,30,5,2,1,73,1,62.444204,-114.419327,35:10.3
14824741,4825545,Private room,,Yellowknife,5,4.5,2,1,60,1,62.460127,-114.363491,34:56.8
6836834,35824253,Shared room,,Yellowknife,0,,6,1,35,1,62.444861,-114.417077,34:53.3
14882665,93320156,Private room,,Yellowknife,1,,2,1,67,1,62.446441,-114.420906,34:47.0
1769821,1825523,Private room,,Yellowknife,7,4.5,2,1,78,1,62.470965,-114.342648,34:44.7
14743858,24360930,Private room,,Yellowknife,2,,2,1,70,2,62.456882,-114.367198,34:29.1
10922520,54337862,Private room,,Yellowknife,28,5,2,1,55,1,62.435552,-114.413047,34:25.5
14961568,1509188,Private room,,Yellowknife,1,,2,1,62,1,62.451585,-114.372458,34:18.4
1837366,1825523,Private room,,Yellowknife,3,5,2,1,78,1,62.472185,-114.342046,34:11.5
5521862,28195028,Private room,,Yellowknife,0,,2,1,75,1,62.452116,-114.372181,34:08.1
6078813,6056067,Private room,,Yellowknife,42,5,4,1,77,1,62.466921,-114.366072,33:46.7
6378983,29009711,Private room,,Yellowknife,4,5,2,1,96,1,62.468392,-114.346411,33:36.3
6766821,6018080,Private room,,Yellowknife,7,5,2,1,78,1,62.467012,-114.368242,30:59.0
12211516,65680230,Entire home/apt,,Yellowknife,6,5,2,1,102,2,62.451884,-114.369951,30:39.6
5594757,29009711,Entire home/apt,,Yellowknife,0,,8,4,390,2,62.467929,-114.348447,30:53.8
9233236,2441424,Entire home/apt,,Yellowknife,1,,4,1,157,1,62.457179,-114.344966,33:18.2
5454236,28195028,Entire home/apt,,Yellowknife,10,3.5,9,4,215,1,62.45061,-114.371641,32:20.4
11550672,60975065,Entire home/apt,,Yellowknife,2,,4,2,125,2,62.465533,-114.373068,35:25.4
7243904,37730491,Entire home/apt,,Yellowknife,3,4.5,4,2,78,7,62.45135,-114.364015,33:07.7
14964490,93539754,Entire home/apt,,Yellowknife,1,,4,2,122,,62.43951,-114.406688,34:14.1
1280438,1509188,Entire home/apt,,Yellowknife,0,,8,2,157,1,62.448372,-114.359755,31:56.1
11067605,50692655,Entire home/apt,,Yellowknife,1,,2,1,47,1,62.456135,-114.367637,32:25.9
14900258,93539754,Entire home/apt,,Yellowknife,1,,2,1,78,,62.439849,-114.406535,35:00.8
14105314,84929954,Entire home/apt,,Yellowknife,0,,8,3,118,2,62.447355,-114.378952,30:49.8
8425404,17850390,Entire home/apt,,Yellowknife,16,5,6,3,196,1,62.452643,-114.365722,33:51.0
5106781,26388248,Entire home/apt,,Yellowknife,1,,2,0,113,,62.464869,-114.365427,31:52.3
13442231,76722371,Entire home/apt,,Yellowknife,8,4.5,6,3,176,2,62.467098,-114.346903,34:38.2
6156498,21731000,Entire home/apt,,Yellowknife,8,5,3,1,109,2,62.464903,-114.351342,35:16.2
4822480,14170077,Entire home/apt,,Yellowknife,37,5,4,2,196,3,62.463331,-114.352445,34:04.5
8226174,43377709,Entire home/apt,,Yellowknife,15,4.5,2,1,125,3,62.437272,-114.41686,33:31.1
6701451,29009711,Private room,,Yellowknife,1,,2,1,96,1,62.469263,-114.346955,31:43.5
6261276,28195028,Private room,,Yellowknife,8,4.5,3,1,78,1,62.452526,-114.370341,32:47.3
12227284,28655501,Private room,,Yellowknife,2,,2,1,67,1,62.449915,-114.367485,33:42.8
11552016,60975065,Private room,,Yellowknife,2,,2,1,63,2,62.466801,-114.37584,35:13.1
11626626,6614402,Private room,,Yellowknife,0,,2,1,102,1,62.444094,-114.41892,33:38.6
8446394,25827587,Private room,,Yellowknife,4,5,2,1,90,2,62.450074,-114.420497,35:44.0
2020094,1509188,Private room,,Yellowknife,22,4.5,2,1,78,1,62.449769,-114.372152,32:43.1
14653841,31878662,Private room,,Yellowknife,2,,5,1,78,1,62.436276,-114.423491,32:23.5
6433388,28195028,Private room,,Yellowknife,10,4.5,2,1,78,1,62.45054,-114.370558,31:01.9
2865417,1509188,Private room,,Yellowknife,10,4.5,2,1,63,1,62.447892,-114.379096,33:25.6
361208,1825523,Private room,,Yellowknife,16,5,2,1,78,2,62.47303,-114.342687,33:54.8
5626734,25827587,Private room,,Yellowknife,11,5,2,1,85,2,62.449907,-114.413256,32:38.2
4803490,21495533,Private room,,Yellowknife,15,4.5,1,1,46,1,62.440045,-114.407787,31:46.0
5454224,28195028,Private room,,Yellowknife,14,4.5,1,1,64,1,62.452547,-114.37082,33:11.9
11417659,54337862,Private room,,Yellowknife,13,5,2,1,46,,62.435914,-114.412332,35:23.5
7064308,37040502,Private room,,Yellowknife,23,5,2,1,48,2,62.434496,-114.417293,32:29.9
14932957,13411558,Private room,,Yellowknife,0,,2,1,74,1,62.461889,-114.36458,32:33.1
5902250,25827587,Private room,,Yellowknife,12,5,2,1,78,2,62.449862,-114.412859,32:35.9
11211267,1509188,Private room,,Yellowknife,21,4,2,1,63,1,62.448712,-114.380837,33:21.9
6765510,6018080,Private room,,Yellowknife,10,5,2,1,78,1,62.466339,-114.370555,31:40.5
15114038,95753013,Private room,,Yellowknife,0,,2,1,62,1,62.441808,-114.409534,31:37.1
10090993,29952958,Private room,,Yellowknife,6,5,2,1,63,1,62.459155,-114.364413,32:16.4
12211564,12042079,Private room,,Yellowknife,2,,2,1,55,1,62.444921,-114.383939,33:15.3
14889792,93411605,Private room,,Yellowknife,1,,4,1,75,,62.450985,-114.368475,31:34.5
8809378,12734522,Private room,,Yellowknife,2,,1,1,62,1,62.448111,-114.36873,32:49.9
12400760,9943987,Private room,,Yellowknife,13,5,2,1,67,1,62.458281,-114.366202,34:41.9
12796058,48017914,Private room,,Yellowknife,5,5,2,1,98,1,62.459629,-114.342939,32:59.5
9684913,2076510,Private room,,Yellowknife,12,5,2,1,59,1,62.458113,-114.365487,31:48.8
5902621,25827587,Private room,,Yellowknife,29,5,2,1,70,2,62.448306,-114.413256,32:12.1
3971279,1509188,Private room,,Yellowknife,12,4.5,2,1,46,1,62.44996,-114.372005,33:03.5
9302206,47789706,Private room,,Yellowknife,15,4.5,1,1,63,1,62.442306,-114.404245,34:51.1
5146235,26388248,Private room,,Yellowknife,47,5,3,1,102,2,62.447758,-114.369388,34:21.7
6701451,29009711,Private room,,Yellowknife,1,,2,,93,1,62.469263,-114.346955,58:16.0
5594757,29009711,Entire home/apt,,Yellowknife,0,,8,,380,2,62.467929,-114.348447,57:41.8
6378983,29009711,Private room,,Yellowknife,4,5,2,,93,1,62.468392,-114.346411,55:48.7
15251185,48418953,Entire home/apt,,Yellowknife,2,,8,,263,3,62.453059,-114.385126,55:07.3
14932957,13411558,Private room,,Yellowknife,2,,2,,72,1,62.461889,-114.36458,15:07.1
6836834,35824253,Shared room,,Yellowknife,5,5,6,,34,1,62.444861,-114.417077,59:19.1
9233236,2441424,Entire home/apt,,Yellowknife,1,,4,,152,1,62.457179,-114.344966,57:35.8
5454236,28195028,Entire home/apt,,Yellowknife,11,4,9,,191,1,62.45061,-114.371641,58:53.0
11550672,60975065,Entire home/apt,,Yellowknife,3,5,4,,122,2,62.465533,-114.373068,56:27.6
7243904,37730491,Entire home/apt,,Yellowknife,3,4.5,4,,76,7,62.45135,-114.364015,56:55.4
15450836,99109865,Entire home/apt,,Yellowknife,0,,6,,191,1,62.454203,-114.366125,58:25.3
14964490,93539754,Entire home/apt,,Yellowknife,3,4.5,4,,118,,62.43951,-114.406688,58:56.0
15008688,59990169,Entire home/apt,,Yellowknife,0,,5,,144,1,62.447533,-114.371001,56:50.9
11067605,50692655,Entire home/apt,,Yellowknife,1,,2,,45,1,62.456135,-114.367637,56:14.3
14105314,84929954,Entire home/apt,,Yellowknife,2,,7,,115,2,62.447355,-114.378952,57:38.9
12211516,65680230,Entire home/apt,,Yellowknife,6,5,2,,99,3,62.451884,-114.369951,56:39.2
13442231,76722371,Entire home/apt,,Yellowknife,10,4.5,6,,171,2,62.467098,-114.346903,59:25.2
15537834,95753013,Entire home/apt,,Yellowknife,0,,6,,46,,62.440178,-114.410207,57:29.8
5106781,26388248,Entire home/apt,,Yellowknife,6,5,3,,105,,62.464869,-114.365427,56:18.3
6156498,21731000,Entire home/apt,,Yellowknife,10,5,3,,122,2,62.464903,-114.351342,58:43.2
12400760,9943987,Entire home/apt,,Yellowknife,15,5,4,,65,1,62.458281,-114.366202,58:50.1
14900258,93539754,Entire home/apt,,Yellowknife,10,5,2,,76,,62.439849,-114.406535,58:28.9
8226174,43377709,Entire home/apt,,Yellowknife,17,4.5,2,,122,3,62.437272,-114.41686,55:54.6
4822480,14170077,Entire home/apt,,Yellowknife,44,5,4,,191,3,62.463331,-114.352445,57:50.7
9296487,21495533,Private room,,Yellowknife,17,4.5,1,,49,2,62.441762,-114.409459,57:05.3
6433388,28195028,Private room,,Yellowknife,11,4,2,,76,1,62.45054,-114.370558,56:25.2
5902621,25827587,Private room,,Yellowknife,30,5,2,,69,2,62.448306,-114.413256,57:54.5
15454676,99109865,Private room,,Yellowknife,1,,2,,45,1,62.454172,-114.365948,57:17.2
14439580,43783313,Private room,,Yellowknife,1,,1,,61,1,62.454791,-114.371098,57:10.7
5902250,25827587,Private room,,Yellowknife,13,5,2,,76,2,62.449862,-114.412859,56:21.8
3971279,1509188,Private room,,Yellowknife,20,4.5,2,,46,1,62.44996,-114.372005,57:32.5
1769821,1825523,Private room,,Yellowknife,12,4.5,2,,76,1,62.470965,-114.342648,58:58.7
12796058,48017914,Private room,,Yellowknife,9,5,2,,95,1,62.459629,-114.342939,58:38.1
1837366,1825523,Private room,,Yellowknife,3,5,2,,76,1,62.472185,-114.342046,59:38.2
5521862,28195028,Private room,,Yellowknife,0,,2,,72,1,62.452116,-114.372181,59:35.0
15421250,5824802,Private room,,Yellowknife,1,,2,,49,1,62.466787,-114.34924,59:01.4
6766821,6018080,Private room,,Yellowknife,7,5,2,,76,1,62.467012,-114.368242,57:44.8
12227284,28655501,Private room,,Yellowknife,3,5,2,,66,1,62.449915,-114.367485,57:19.5
6765510,6018080,Private room,,Yellowknife,10,5,2,,76,1,62.466339,-114.370555,55:51.5
11552016,60975065,Private room,,Yellowknife,3,5,2,,61,2,62.466801,-114.37584,59:15.9
9998635,51364591,Private room,,Yellowknife,5,5,2,,95,1,62.446927,-114.374536,54:57.4
14961568,1509188,Private room,,Yellowknife,3,4.5,2,,61,1,62.451585,-114.372458,56:34.6
15453753,91856436,Private room,,Yellowknife,0,,4,,76,1,62.450208,-114.372278,59:10.3
15602397,5824802,Private room,,Yellowknife,0,,2,,45,1,62.465585,-114.349541,58:22.4
15672130,13088952,Private room,,Yellowknife,0,,2,,76,1,62.461077,-114.364214,58:02.2
2865417,1509188,Private room,,Yellowknife,12,4.5,2,,61,1,62.447892,-114.379096,59:49.3
8446394,25827587,Private room,,Yellowknife,5,5,2,,88,2,62.450074,-114.420497,59:05.2
6261276,28195028,Private room,,Yellowknife,8,4.5,3,,76,1,62.452526,-114.370341,59:13.4
15454014,99109865,Private room,,Yellowknife,1,,2,,61,1,62.452008,-114.36612,59:08.1
361208,1825523,Private room,,Yellowknife,16,5,2,,83,2,62.47303,-114.342687,57:47.8
11211267,1509188,Private room,,Yellowknife,23,4,2,,61,1,62.448712,-114.380837,59:41.1
8809378,12734522,Private room,,Yellowknife,5,4.5,2,,64,1,62.448111,-114.36873,57:22.5
4803490,21495533,Private room,,Yellowknife,16,4.5,2,,46,1,62.440045,-114.407787,58:08.2
5626734,25827587,Private room,,Yellowknife,12,5,2,,83,2,62.449907,-114.413256,55:10.2
5588903,6614402,Private room,,Yellowknife,15,5,2,,75,1,62.442129,-114.416639,56:47.4
5454224,28195028,Private room,,Yellowknife,15,5,1,,63,1,62.452547,-114.37082,15:14.6
11417659,54337862,Private room,,Yellowknife,17,5,2,,46,,62.435914,-114.412332,57:08.3
10090993,29952958,Private room,,Yellowknife,11,5,2,,61,1,62.459155,-114.364413,56:00.7
15768261,12734522,Private room,,Yellowknife,0,,2,,65,1,62.449917,-114.368761,59:27.8
6577784,26388248,Private room,,Yellowknife,54,5,2,,72,1,62.448686,-114.367895,56:04.5
14889792,93411605,Private room,,Yellowknife,2,,4,,72,,62.450985,-114.368475,59:45.6
15454407,99109865,Private room,,Yellowknife,0,,2,,54,1,62.453754,-114.364865,57:59.4
14743858,24360930,Private room,,Yellowknife,6,5,2,,69,2,62.456882,-114.367198,56:58.1
14653841,31878662,Private room,,Yellowknife,5,4.5,5,,76,1,62.436276,-114.423491,58:19.2
9302206,47789706,Private room,,Yellowknife,22,5,1,,61,1,62.442306,-114.404245,57:27.0
12211564,12042079,Private room,,Yellowknife,6,4.5,2,,54,1,62.444921,-114.383939,58:05.0
4988093,6614402,Private room,,Yellowknife,34,5,2,,84,1,62.444204,-114.419327,56:11.4
9684913,2076510,Private room,,Yellowknife,16,5,2,,58,1,62.458113,-114.365487,59:22.1
15899732,102931482,Private room,,Yellowknife,0,,1,,42,,62.449632,-114.368065,55:57.2
15114038,95753013,Private room,,Yellowknife,3,4.5,4,,45,2,62.441808,-114.409534,58:46.1
14882665,93320156,Private room,,Yellowknife,7,4.5,2,,65,1,62.446441,-114.420906,56:07.6
6078813,6056067,Private room,,Yellowknife,47,5,4,,76,1,62.466921,-114.366072,58:13.5
14824741,4825545,Private room,,Yellowknife,17,5,2,,61,1,62.460127,-114.363491,55:04.0
14790717,14828046,Private room,,Yellowknife,13,5,2,,76,,62.457927,-114.361619,15:10.7
5146235,26388248,Private room,,Yellowknife,51,5,3,,99,2,62.447758,-114.369388,59:31.4
10922520,54337862,Private room,,Yellowknife,34,5,2,,54,2,62.435552,-114.413047,57:14.1
2020094,1509188,Private room,,Yellowknife,27,4.5,2,,76,1,62.449769,-114.372152,55:45.3
7064308,37040502,Private room,,Yellowknife,24,5,2,,47,2,62.434496,-114.417293,57:01.3
16260529,106280257,Shared room,,Yellowknife,0,0,2,1,54,,62.470679,-114.340741,15:10.7
6836834,35824253,Shared room,,Yellowknife,11,5,6,1,34,,62.444861,-114.417077,15:09.6
5594757,29009711,Entire home/apt,,Yellowknife,0,0,8,4,380,,62.467929,-114.348447,12:06.3
15251185,48418953,Entire home/apt,,Yellowknife,5,5,8,4,263,,62.453059,-114.385126,12:05.0
5454236,28195028,Entire home/apt,,Yellowknife,13,4,9,4,191,,62.45061,-114.371641,12:04.6
13442231,76722371,Entire home/apt,,Yellowknife,15,4.5,6,3,191,,62.467098,-114.346903,12:04.6
16332723,106916273,Entire home/apt,,Yellowknife,0,0,6,3,191,,62.436187,-114.429949,12:04.6
15450836,99109865,Entire home/apt,,Yellowknife,2,0,6,3,191,,62.454203,-114.366125,12:04.6
4822480,14170077,Entire home/apt,,Yellowknife,47,5,4,2,191,,62.463331,-114.352445,12:04.6
14105314,84929954,Entire home/apt,,Yellowknife,6,4.5,6,3,152,,62.447355,-114.378952,12:03.6
14964490,93539754,Entire home/apt,,Yellowknife,3,4.5,4,2,144,,62.43951,-114.406688,12:02.4
15008688,59990169,Entire home/apt,,Yellowknife,1,0,5,2,144,,62.447533,-114.371001,12:02.4
16374240,48017914,Entire home/apt,,Yellowknife,0,0,4,1,126,,62.458486,-114.345328,12:02.4
11550672,60975065,Entire home/apt,,Yellowknife,3,5,4,2,122,,62.465533,-114.373068,12:01.3
16097572,1274093,Entire home/apt,,Yellowknife,0,0,6,3,113,,62.4469,-114.380687,12:01.3
6156498,21731000,Entire home/apt,,Yellowknife,11,5,3,1,106,,62.464903,-114.351342,12:01.3
5106781,26388248,Entire home/apt,,Yellowknife,9,5,3,0,105,,62.464869,-114.365427,12:01.3
8226174,43377709,Entire home/apt,,Yellowknife,19,4.5,2,1,122,,62.437272,-114.41686,12:01.3
15957533,26505477,Entire home/apt,,Yellowknife,0,0,3,1,95,,62.469383,-114.344648,12:00.2
12211516,65680230,Entire home/apt,,Yellowknife,8,5,2,1,99,,62.451884,-114.369951,12:00.2
7243904,37730491,Entire home/apt,,Yellowknife,3,4.5,4,2,76,,62.45135,-114.364015,11:59.0
14900258,93539754,Entire home/apt,,Yellowknife,13,5,2,1,76,,62.439849,-114.406535,11:59.0
15537834,95753013,Entire home/apt,,Yellowknife,0,0,6,3,45,,62.440178,-114.410207,11:57.9
12400760,9943987,Entire home/apt,,Yellowknife,15,5,4,2,57,,62.458281,-114.366202,11:57.9
15899732,102931482,Entire home/apt,,Yellowknife,2,0,1,1,41,,62.449632,-114.368065,11:56.8
16286422,42056096,Private room,,Yellowknife,0,0,2,1,92,,62.462547,-114.35909,11:39.6
14961568,1509188,Private room,,Yellowknife,4,4.5,2,1,68,,62.451585,-114.372458,11:37.9
15421250,5824802,Private room,,Yellowknife,1,0,2,1,57,,62.466787,-114.34924,11:35.8
16297978,42056096,Private room,,Yellowknife,0,0,3,1,95,,62.464206,-114.358311,11:28.1
16425750,106280257,Private room,,Yellowknife,0,0,1,1,83,,62.472972,-114.340888,11:28.1
16297366,42056096,Private room,,Yellowknife,0,0,3,1,95,,62.462856,-114.359928,11:28.1
5626734,25827587,Private room,,Yellowknife,12,5,2,1,83,,62.449907,-114.413256,11:28.1
16402325,106280257,Private room,,Yellowknife,0,0,2,1,91,,62.472949,-114.341558,11:28.0
361208,1825523,Private room,,Yellowknife,16,5,2,1,83,,62.47303,-114.342687,11:28.0
9998635,51364591,Private room,,Yellowknife,5,5,2,1,95,,62.446927,-114.374536,11:28.0
8446394,25827587,Private room,,Yellowknife,5,5,2,1,88,,62.450074,-114.420497,11:28.0
5146235,26388248,Private room,,Yellowknife,57,5,3,1,99,,62.447758,-114.369388,11:28.0
12796058,48017914,Private room,,Yellowknife,12,5,2,1,95,,62.459629,-114.342939,11:28.0
5521862,28195028,Private room,,Yellowknife,0,0,2,1,72,,62.452116,-114.372181,11:27.3
6766821,6018080,Private room,,Yellowknife,7,5,2,1,76,,62.467012,-114.368242,11:27.3
12227284,28655501,Private room,,Yellowknife,3,5,2,1,66,,62.449915,-114.367485,11:27.3
6261276,28195028,Private room,,Yellowknife,8,4.5,3,1,76,,62.452526,-114.370341,11:27.3
6765510,6018080,Private room,,Yellowknife,10,5,2,1,76,,62.466339,-114.370555,11:27.3
15672130,13088952,Private room,,Yellowknife,0,0,2,1,76,,62.461077,-114.364214,11:27.3
16286210,42056096,Private room,,Yellowknife,0,0,2,1,80,,62.464439,-114.359539,11:27.3
6433388,28195028,Private room,,Yellowknife,11,4,2,1,76,,62.45054,-114.370558,11:26.6
1837366,1825523,Private room,,Yellowknife,5,5,2,1,76,,62.472185,-114.342046,11:26.6
15768261,12734522,Private room,,Yellowknife,0,0,2,1,65,,62.449917,-114.368761,11:26.6
5454224,28195028,Private room,,Yellowknife,16,5,1,1,63,,62.452547,-114.37082,11:26.6
5902621,25827587,Private room,,Yellowknife,31,5,2,1,68,,62.448306,-114.413256,11:26.6
1769821,1825523,Private room,,Yellowknife,16,4.5,2,1,76,,62.470965,-114.342648,11:26.6
5588903,6614402,Private room,,Yellowknife,17,5,2,1,68,,62.442129,-114.416639,11:26.6
6078813,6056067,Private room,,Yellowknife,51,5,4,1,75,,62.466921,-114.366072,11:26.6
8809378,12734522,Private room,,Yellowknife,6,4.5,2,1,64,,62.448111,-114.36873,11:26.6
15453753,91856436,Private room,,Yellowknife,0,0,4,1,76,,62.450208,-114.372278,11:26.6
2020094,1509188,Private room,,Yellowknife,29,4.5,2,1,68,,62.449769,-114.372152,11:26.6
14653841,31878662,Private room,,Yellowknife,7,4,5,1,76,,62.436276,-114.423491,11:26.6
14790717,14828046,Private room,,Yellowknife,16,5,2,1,76,,62.457927,-114.361619,11:26.6
14889792,93411605,Private room,,Yellowknife,3,4.5,4,1,72,,62.450985,-114.368475,11:26.6
5902250,25827587,Private room,,Yellowknife,13,5,2,1,76,,62.449862,-114.412859,11:26.6
6577784,26388248,Private room,,Yellowknife,63,5,2,1,72,,62.448686,-114.367895,11:26.6
4988093,6614402,Private room,,Yellowknife,35,5,2,1,71,,62.444204,-114.419327,11:26.6
14882665,93320156,Private room,,Yellowknife,13,4.5,2,1,65,,62.446441,-114.420906,11:26.6
3971279,1509188,Private room,,Yellowknife,24,4,2,1,45,,62.44996,-114.372005,11:25.7
14932957,13411558,Private room,,Yellowknife,4,5,2,1,61,,62.461889,-114.36458,11:25.7
15454014,99109865,Private room,,Yellowknife,3,4.5,2,1,61,,62.452008,-114.36612,11:24.5
4803490,21495533,Private room,,Yellowknife,16,4.5,2,1,45,,62.440045,-114.407787,11:24.5
15602397,5824802,Private room,,Yellowknife,0,0,2,1,45,,62.465585,-114.349541,11:24.5
15454676,99109865,Private room,,Yellowknife,9,4.5,2,1,45,,62.454172,-114.365948,11:24.5
11211267,1509188,Private room,,Yellowknife,25,4,2,1,61,,62.448712,-114.380837,11:24.5
12211564,12042079,Private room,,Yellowknife,8,4.5,2,1,54,,62.444921,-114.383939,11:24.5
10090993,29952958,Private room,,Yellowknife,12,5,2,1,61,,62.459155,-114.364413,11:24.4
9302206,47789706,Private room,,Yellowknife,24,4.5,1,1,61,,62.442306,-114.404245,11:24.4
15114038,95753013,Private room,,Yellowknife,5,5,4,1,45,,62.441808,-114.409534,11:24.4
9684913,2076510,Private room,,Yellowknife,18,5,2,1,57,,62.458113,-114.365487,11:24.4
9296487,21495533,Private room,,Yellowknife,19,4.5,1,1,49,,62.441762,-114.409459,11:24.4
16040011,26286417,Private room,,Yellowknife,0,0,2,1,57,,62.449677,-114.387743,11:24.4
15454407,99109865,Private room,,Yellowknife,4,5,2,1,54,,62.453754,-114.364865,11:24.4
2865417,1509188,Private room,,Yellowknife,14,4.5,2,1,61,,62.447892,-114.379096,11:24.4
10922520,54337862,Private room,,Yellowknife,37,5,2,1,54,,62.435552,-114.413047,11:24.4
14824741,4825545,Private room,,Yellowknife,25,5,2,1,57,,62.460127,-114.363491,11:24.4
7064308,37040502,Private room,,Yellowknife,25,5,2,1,47,,62.434496,-114.417293,11:24.4
16419813,11485740,Private room,,Yellowknife,0,0,2,1,38,,62.44007,-114.359673,11:23.0
11417659,54337862,Private room,,Yellowknife,20,5,2,1,39,,62.435914,-114.412332,11:22.2
16260529,106280257,Shared room,,Yellowknife,2,0,2,1,110,,62.470679,-114.340741,31:18.0
6836834,35824253,Shared room,,Yellowknife,19,5,6,1,35,,62.444861,-114.417077,31:13.8
5594757,29009711,Entire home/apt,,Yellowknife,0,0,8,4,412,,62.467929,-114.348447,27:35.9
15251185,48418953,Entire home/apt,,Yellowknife,8,5,8,4,271,,62.453059,-114.385126,27:34.6
5454236,28195028,Entire home/apt,,Yellowknife,15,4,9,4,197,,62.45061,-114.371641,27:33.5
15450836,99109865,Entire home/apt,,Yellowknife,2,0,6,3,197,,62.454203,-114.366125,27:33.5
16332723,106916273,Entire home/apt,,Yellowknife,0,0,6,3,197,,62.436187,-114.429949,27:33.5
13442231,76722371,Entire home/apt,,Yellowknife,21,4.5,6,3,197,,62.467098,-114.346903,27:33.5
16097572,1274093,Entire home/apt,,Yellowknife,3,4.5,6,3,196,,62.4469,-114.380687,27:33.5
4822480,14170077,Entire home/apt,,Yellowknife,49,5,4,2,197,,62.463331,-114.352445,27:33.5
14964490,93539754,Entire home/apt,,Yellowknife,4,4.5,4,2,148,,62.43951,-114.406688,27:32.3
14105314,84929954,Entire home/apt,,Yellowknife,13,4.5,6,3,157,,62.447355,-114.378952,27:32.3
11550672,60975065,Entire home/apt,,Yellowknife,3,5,4,2,126,,62.465533,-114.373068,27:31.6
16374240,48017914,Entire home/apt,,Yellowknife,1,0,4,1,141,,62.458486,-114.345328,27:31.6
6156498,21731000,Entire home/apt,,Yellowknife,16,5,2,1,126,,62.464903,-114.351342,27:31.6
8226174,43377709,Entire home/apt,,Yellowknife,25,4.5,2,1,126,,62.437272,-114.41686,27:31.6
16587600,48017914,Entire home/apt,,Yellowknife,1,0,4,0,141,,62.459685,-114.343186,27:31.6
16589097,109143754,Entire home/apt,,Yellowknife,0,0,6,1,94,,62.454641,-114.382677,27:29.3
12211516,65680230,Entire home/apt,,Yellowknife,10,5,2,1,102,,62.451884,-114.369951,27:29.3
5106781,26388248,Entire home/apt,,Yellowknife,13,5,3,0,94,,62.464869,-114.365427,27:29.3
7243904,37730491,Entire home/apt,,Yellowknife,3,4.5,4,2,78,,62.45135,-114.364015,27:28.1
14900258,93539754,Entire home/apt,,Yellowknife,15,5,2,1,78,,62.439849,-114.406535,27:28.1
15537834,95753013,Entire home/apt,,Yellowknife,2,0,6,3,47,,62.440178,-114.410207,27:27.0
12796058,48017914,Private room,,Yellowknife,16,5,2,1,117,,62.459629,-114.342939,26:59.7
6701451,29009711,Private room,,Yellowknife,1,0,2,1,98,,62.469263,-114.346955,26:58.9
16297366,42056096,Private room,,Yellowknife,0,0,3,1,98,,62.462856,-114.359928,26:58.9
16425750,106280257,Private room,,Yellowknife,0,0,2,1,85,,62.472972,-114.340888,26:58.9
8446394,25827587,Private room,,Yellowknife,5,5,2,1,91,,62.450074,-114.420497,26:58.9
16297978,42056096,Private room,,Yellowknife,0,0,3,1,98,,62.464206,-114.358311,26:58.9
361208,1825523,Private room,,Yellowknife,16,5,2,1,87,,62.47303,-114.342687,26:58.8
9998635,51364591,Private room,,Yellowknife,6,5,2,1,98,,62.446927,-114.374536,26:58.8
16402325,106280257,Private room,,Yellowknife,0,0,2,1,94,,62.472949,-114.341558,26:58.8
5626734,25827587,Private room,,Yellowknife,12,5,2,1,87,,62.449907,-114.413256,26:58.8
5521862,28195028,Private room,,Yellowknife,0,0,2,1,74,,62.452116,-114.372181,26:57.6
6261276,28195028,Private room,,Yellowknife,9,4.5,3,1,78,,62.452526,-114.370341,26:57.6
12227284,28655501,Private room,,Yellowknife,3,5,2,1,68,,62.449915,-114.367485,26:57.6
6433388,28195028,Private room,,Yellowknife,13,4.5,2,1,78,,62.45054,-114.370558,26:57.6
16286210,42056096,Private room,,Yellowknife,0,0,2,1,82,,62.464439,-114.359539,26:57.6
15453753,91856436,Private room,,Yellowknife,2,0,4,1,80,,62.450208,-114.372278,26:57.6
5454224,28195028,Private room,,Yellowknife,16,5,1,1,64,,62.452547,-114.37082,26:57.6
16286422,42056096,Private room,,Yellowknife,0,0,2,1,82,,62.462547,-114.35909,26:57.6
16673283,110310119,Private room,,Yellowknife,0,0,2,1,63,,62.458117,-114.363242,26:57.6
14961568,1509188,Private room,,Yellowknife,6,4.5,2,1,63,,62.451585,-114.372458,26:57.6
6765510,6018080,Private room,,Yellowknife,10,5,2,1,78,,62.466339,-114.370555,26:57.6
5902621,25827587,Private room,,Yellowknife,33,5,2,1,71,,62.448306,-114.413256,26:57.6
9302206,47789706,Private room,,Yellowknife,26,4.5,1,1,63,,62.442306,-114.404245,26:57.6
10090993,29952958,Private room,,Yellowknife,15,5,2,1,63,,62.459155,-114.364413,26:57.6
16546628,26388248,Private room,,Yellowknife,1,0,2,1,67,,62.447859,-114.367343,26:56.8
1769821,1825523,Private room,,Yellowknife,19,4.5,2,1,78,,62.470965,-114.342648,26:56.8
16303118,106211065,Private room,,Yellowknife,0,0,2,1,63,,62.439526,-114.425051,26:56.8
15454014,99109865,Private room,,Yellowknife,7,5,2,1,63,,62.452008,-114.36612,26:56.7
14653841,31878662,Private room,,Yellowknife,10,4,5,1,78,,62.436276,-114.423491,26:56.7
14889792,93411605,Private room,,Yellowknife,7,3.5,4,1,74,,62.450985,-114.368475,26:56.7
5588903,6614402,Private room,,Yellowknife,21,5,2,1,70,,62.442129,-114.416639,26:56.7
1837366,1825523,Private room,,Yellowknife,6,5,2,1,78,,62.472185,-114.342046,26:56.7
6078813,6056067,Private room,,Yellowknife,54,5,4,1,77,,62.466921,-114.366072,26:56.7
5902250,25827587,Private room,,Yellowknife,14,5,2,1,78,,62.449862,-114.412859,26:56.7
5146235,26388248,Private room,,Yellowknife,62,5,3,1,80,,62.447758,-114.369388,26:56.7
2020094,1509188,Private room,,Yellowknife,30,4.5,2,1,71,,62.449769,-114.372152,26:56.7
16546289,108907052,Private room,,Yellowknife,3,5,2,1,63,,62.464034,-114.368169,26:56.7
6766821,6018080,Private room,,Yellowknife,7,5,2,1,78,,62.467012,-114.368242,26:56.7
16676052,110343930,Private room,,Yellowknife,2,0,2,1,70,,62.432987,-114.407731,26:56.7
4988093,6614402,Private room,,Yellowknife,40,5,2,1,73,,62.444204,-114.419327,26:56.7
14790717,14828046,Private room,,Yellowknife,21,5,2,1,78,,62.457927,-114.361619,26:56.7
6577784,26388248,Private room,,Yellowknife,67,5,2,1,71,,62.448686,-114.367895,26:56.7
15421250,5824802,Private room,,Yellowknife,5,5,2,1,61,,62.466787,-114.34924,26:55.5
4803490,21495533,Private room,,Yellowknife,16,4.5,2,1,47,,62.440045,-114.407787,26:55.5
11211267,1509188,Private room,,Yellowknife,27,4,2,1,59,,62.448712,-114.380837,26:55.5
15602397,5824802,Private room,,Yellowknife,2,0,2,1,61,,62.465585,-114.349541,26:55.5
17005952,110343930,Private room,,Yellowknife,0,0,2,1,55,,62.432987,-114.408415,26:55.5
3971279,1509188,Private room,,Yellowknife,31,4.5,2,1,47,,62.44996,-114.372005,26:55.5
15454676,99109865,Private room,,Yellowknife,19,4.5,2,1,47,,62.454172,-114.365948,26:55.5
7064308,37040502,Private room,,Yellowknife,25,5,2,1,48,,62.434496,-114.417293,26:54.5
8809378,12734522,Private room,,Yellowknife,8,4.5,2,1,48,,62.448111,-114.36873,26:54.5
15655507,5381863,Private room,,Yellowknife,0,0,2,1,55,,62.441239,-114.361812,26:54.5
9296487,21495533,Private room,,Yellowknife,21,4.5,1,1,52,,62.441762,-114.409459,26:54.5
15672130,13088952,Private room,,Yellowknife,2,0,2,1,55,,62.461077,-114.364214,26:54.5
12400760,9943987,Private room,,Yellowknife,17,5,2,2,59,,62.458281,-114.366202,26:54.5
12211564,12042079,Private room,,Yellowknife,11,4.5,2,1,55,,62.444921,-114.383939,26:54.5
15114038,95753013,Private room,,Yellowknife,6,5,4,1,47,,62.441808,-114.409534,26:54.5
15454407,99109865,Private room,,Yellowknife,10,5,2,1,55,,62.453754,-114.364865,26:54.5
9684913,2076510,Private room,,Yellowknife,18,5,2,1,59,,62.458113,-114.365487,26:54.5
11417659,54337862,Private room,,Yellowknife,29,5,2,1,47,,62.435914,-114.412332,26:54.5
2865417,1509188,Private room,,Yellowknife,14,4.5,2,1,59,,62.447892,-114.379096,26:54.5
16419813,11485740,Private room,,Yellowknife,5,5,2,1,47,,62.44007,-114.359673,26:54.5
16040011,26286417,Private room,,Yellowknife,4,5,2,1,58,,62.449677,-114.387743,26:54.5
10922520,54337862,Private room,,Yellowknife,44,5,2,1,52,,62.435552,-114.413047,26:54.5
14824741,4825545,Private room,,Yellowknife,33,5,2,1,58,,62.460127,-114.363491,26:54.5
14882665,93320156,Private room,,Yellowknife,21,5,2,1,55,,62.446441,-114.420906,26:54.5
16892599,8094409,Private room,,Yellowknife,3,5,2,1,39,,62.447056,-114.363093,26:53.1
15899732,102931482,Private room,,Yellowknife,11,5,2,1,41,,62.449632,-114.368065,26:53.1
13172757,15878363,Private room,,Yellowknife,0,0,2,1,35,,62.449234,-114.368954,26:53.1
16827309,102931482,Private room,,Yellowknife,0,0,1,1,35,,62.449031,-114.366996,26:52.2
6836834,35824253,Shared room,,Yellowknife,22,5,6,1,34,,62.444861,-114.417077,12:04.3
5594757,29009711,Entire home/apt,,Yellowknife,0,0,8,4,401,,62.467929,-114.348447,10:03.2
15251185,48418953,Entire home/apt,,Yellowknife,8,5,8,4,263,,62.453059,-114.385126,09:24.5
5454236,28195028,Entire home/apt,,Yellowknife,15,4,9,4,191,,62.45061,-114.371641,09:23.3
16332723,106916273,Entire home/apt,,Yellowknife,0,0,6,3,191,,62.436187,-114.429949,09:23.3
13442231,76722371,Entire home/apt,,Yellowknife,24,4.5,6,3,191,,62.467098,-114.346903,09:23.3
4822480,14170077,Entire home/apt,,Yellowknife,52,5,4,2,191,,62.463331,-114.352445,09:23.3
15450836,99109865,Entire home/apt,,Yellowknife,4,5,6,3,152,,62.454203,-114.366125,09:22.1
16097572,1274093,Entire home/apt,,Yellowknife,9,5,6,3,175,,62.4469,-114.380687,09:22.1
16587600,48017914,Entire home/apt,,Yellowknife,1,0,4,0,137,,62.459685,-114.343186,09:21.2
14964490,93539754,Entire home/apt,,Yellowknife,6,4.5,4,2,144,,62.43951,-114.406688,09:21.2
15008688,59990169,Entire home/apt,,Yellowknife,4,5,5,2,134,,62.447533,-114.371001,09:21.2
16374240,48017914,Entire home/apt,,Yellowknife,4,5,4,1,137,,62.458486,-114.345328,09:21.2
13866852,81984655,Entire home/apt,,Yellowknife,0,0,10,4,106,,62.447095,-114.38996,09:20.1
11550672,60975065,Entire home/apt,,Yellowknife,3,5,4,2,122,,62.465533,-114.373068,09:20.1
6156498,21731000,Entire home/apt,,Yellowknife,19,5,2,1,122,,62.464903,-114.351342,09:20.1
8226174,43377709,Entire home/apt,,Yellowknife,27,4.5,2,1,122,,62.437272,-114.41686,09:20.1
16589097,109143754,Entire home/apt,,Yellowknife,0,0,6,1,92,,62.454641,-114.382677,09:18.9
12211516,65680230,Entire home/apt,,Yellowknife,10,5,2,1,99,,62.451884,-114.369951,09:18.9
7243904,37730491,Entire home/apt,,Yellowknife,3,4.5,4,2,76,,62.45135,-114.364015,09:17.5
5106781,26388248,Entire home/apt,,Yellowknife,16,5,3,0,82,,62.464869,-114.365427,09:17.5
14900258,93539754,Entire home/apt,,Yellowknife,15,5,2,1,76,,62.439849,-114.406535,09:17.5
16692601,110543187,Entire home/apt,,Yellowknife,1,0,2,1,76,,62.440521,-114.424382,09:17.5
14824741,4825545,Entire home/apt,,Yellowknife,36,5,2,1,75,,62.460127,-114.363491,09:17.5
15537834,95753013,Entire home/apt,,Yellowknife,2,0,6,3,54,,62.440178,-114.410207,09:16.4
17513435,11485740,Private room,,Yellowknife,0,0,2,1,49,,62.440236,-114.360202,08:59.6
12796058,48017914,Private room,,Yellowknife,16,5,2,1,114,,62.459629,-114.342939,08:52.3
6378983,29009711,Private room,,Yellowknife,4,5,2,1,95,,62.468392,-114.346411,08:51.3
6701451,29009711,Private room,,Yellowknife,1,0,2,1,95,,62.469263,-114.346955,08:51.3
8446394,25827587,Private room,,Yellowknife,6,5,2,1,88,,62.450074,-114.420497,08:51.3
16297978,42056096,Private room,,Yellowknife,0,0,3,1,96,,62.464206,-114.358311,08:51.3
9998635,51364591,Private room,,Yellowknife,6,5,2,1,96,,62.446927,-114.374536,08:51.3
16297366,42056096,Private room,,Yellowknife,0,0,3,1,96,,62.462856,-114.359928,08:51.3
361208,1825523,Private room,,Yellowknife,17,5,2,1,83,,62.47303,-114.342687,08:51.3
5626734,25827587,Private room,,Yellowknife,12,5,2,1,83,,62.449907,-114.413256,08:51.2
6433388,28195028,Private room,,Yellowknife,13,4.5,2,1,76,,62.45054,-114.370558,08:50.2
15453753,91856436,Private room,,Yellowknife,2,0,4,1,78,,62.450208,-114.372278,08:50.2
5521862,28195028,Private room,,Yellowknife,0,0,2,1,72,,62.452116,-114.372181,08:50.2
6261276,28195028,Private room,,Yellowknife,10,4.5,3,1,76,,62.452526,-114.370341,08:50.1
6577784,26388248,Private room,,Yellowknife,74,5,2,1,69,,62.448686,-114.367895,08:50.1
16286210,42056096,Private room,,Yellowknife,0,0,2,1,80,,62.464439,-114.359539,08:50.1
5588903,6614402,Private room,,Yellowknife,21,5,2,1,68,,62.442129,-114.416639,08:50.1
15602397,5824802,Private room,,Yellowknife,2,0,2,1,63,,62.465585,-114.349541,08:50.1
6078813,6056067,Private room,,Yellowknife,56,5,4,1,75,,62.466921,-114.366072,08:49.0
16286422,42056096,Private room,,Yellowknife,0,0,2,1,80,,62.462547,-114.35909,08:49.0
14653841,31878662,Private room,,Yellowknife,10,4,5,1,76,,62.436276,-114.423491,08:49.0
6765510,6018080,Private room,,Yellowknife,10,5,2,1,76,,62.466339,-114.370555,08:49.0
5454224,28195028,Private room,,Yellowknife,16,5,1,1,63,,62.452547,-114.37082,08:49.0
1837366,1825523,Private room,,Yellowknife,6,5,2,1,76,,62.472185,-114.342046,08:49.0
2020094,1509188,Private room,,Yellowknife,31,4.5,2,1,69,,62.449769,-114.372152,08:49.0
5902621,25827587,Private room,,Yellowknife,33,5,2,1,69,,62.448306,-114.413256,08:49.0
15421250,5824802,Private room,,Yellowknife,7,5,2,1,65,,62.466787,-114.34924,08:49.0
16676052,110343930,Private room,,Yellowknife,4,5,2,1,68,,62.432987,-114.407731,08:49.0
14889792,93411605,Private room,,Yellowknife,9,3.5,4,1,72,,62.450985,-114.368475,08:49.0
16546628,26388248,Private room,,Yellowknife,5,5,2,1,65,,62.447859,-114.367343,08:49.0
5902250,25827587,Private room,,Yellowknife,14,5,2,1,76,,62.449862,-114.412859,08:49.0
4988093,6614402,Private room,,Yellowknife,41,5,2,1,71,,62.444204,-114.419327,08:49.0
6766821,6018080,Private room,,Yellowknife,7,5,2,1,76,,62.467012,-114.368242,08:49.0
1769821,1825523,Private room,,Yellowknife,20,4.5,2,1,76,,62.470965,-114.342648,08:49.0
16546289,108907052,Private room,,Yellowknife,6,5,2,1,65,,62.464034,-114.368169,08:49.0
5146235,26388248,Private room,,Yellowknife,67,5,3,1,78,,62.447758,-114.369388,08:48.9
15454014,99109865,Private room,,Yellowknife,10,5,2,1,61,,62.452008,-114.36612,08:47.9
14961568,1509188,Private room,,Yellowknife,7,4.5,2,1,61,,62.451585,-114.372458,08:47.9
16673283,110310119,Private room,,Yellowknife,0,0,2,1,61,,62.458117,-114.363242,08:47.9
11211267,1509188,Private room,,Yellowknife,27,4,2,1,58,,62.448712,-114.380837,08:47.9
16303118,106211065,Private room,,Yellowknife,0,0,2,1,61,,62.439526,-114.425051,08:47.8
15454407,99109865,Private room,,Yellowknife,11,5,2,1,54,,62.453754,-114.364865,08:46.7
9684913,2076510,Private room,,Yellowknife,18,5,2,1,58,,62.458113,-114.365487,08:46.7
12400760,9943987,Private room,,Yellowknife,17,5,2,2,58,,62.458281,-114.366202,08:46.7
17005952,110343930,Private room,,Yellowknife,0,0,2,1,47,,62.432987,-114.408415,08:46.7
10090993,29952958,Private room,,Yellowknife,16,5,2,1,58,,62.459155,-114.364413,08:46.7
15114038,95753013,Private room,,Yellowknife,8,5,4,1,54,,62.441808,-114.409534,08:46.7
17347258,117198983,Private room,,Yellowknife,0,0,1,1,54,,62.449152,-114.381598,08:46.7
12211564,12042079,Private room,,Yellowknife,12,4.5,2,1,54,,62.444921,-114.383939,08:46.7
15672130,13088952,Private room,,Yellowknife,4,5,2,1,53,,62.461077,-114.364214,08:46.7
4803490,21495533,Private room,,Yellowknife,16,4.5,2,1,45,,62.440045,-114.407787,08:46.7
13172757,15878363,Private room,,Yellowknife,4,5,2,1,49,,62.449234,-114.368954,08:46.7
2865417,1509188,Private room,,Yellowknife,14,4.5,2,1,58,,62.447892,-114.379096,08:46.7
8809378,12734522,Private room,,Yellowknife,10,4.5,2,1,55,,62.448111,-114.36873,08:46.7
15454676,99109865,Private room,,Yellowknife,22,5,2,1,45,,62.454172,-114.365948,08:46.7
15655507,5381863,Private room,,Yellowknife,4,5,2,1,54,,62.441239,-114.361812,08:46.7
10922520,54337862,Private room,,Yellowknife,44,5,2,1,49,,62.435552,-114.413047,08:46.7
16040011,26286417,Private room,,Yellowknife,7,5,2,1,57,,62.449677,-114.387743,08:46.7
14882665,93320156,Private room,,Yellowknife,24,5,2,1,54,,62.446441,-114.420906,08:46.7
17348010,15878363,Private room,,Yellowknife,1,0,2,1,34,,62.447351,-114.366986,08:45.1
16827309,102931482,Private room,,Yellowknife,3,5,1,1,34,,62.449031,-114.366996,08:45.1
16419813,11485740,Private room,,Yellowknife,8,5,2,1,37,,62.44007,-114.359673,08:45.1
11417659,54337862,Private room,,Yellowknife,30,5,2,1,38,,62.435914,-114.412332,08:45.1
15899732,102931482,Private room,,Yellowknife,17,5,2,1,40,,62.449632,-114.368065,08:43.9
6836834,35824253,Shared room,,Yellowknife,22,5,6,1,34,,62.444861,-114.417077,03:15.5
5594757,29009711,Entire home/apt,,Yellowknife,0,0,8,4,402,,62.467929,-114.348447,59:10.3
15251185,48418953,Entire home/apt,,Yellowknife,9,5,8,4,264,,62.453059,-114.385126,58:23.0
5454236,28195028,Entire home/apt,,Yellowknife,15,4,9,4,192,,62.45061,-114.371641,58:21.4
16332723,106916273,Entire home/apt,,Yellowknife,1,0,6,3,192,,62.436187,-114.429949,58:21.2
13442231,76722371,Entire home/apt,,Yellowknife,25,4.5,6,3,192,,62.467098,-114.346903,58:21.1
4822480,14170077,Entire home/apt,,Yellowknife,53,5,4,2,192,,62.463331,-114.352445,58:21.0
15450836,99109865,Entire home/apt,,Yellowknife,4,5,6,3,152,,62.454203,-114.366125,58:19.6
16097572,1274093,Entire home/apt,,Yellowknife,10,5,6,3,175,,62.4469,-114.380687,58:19.4
16374240,48017914,Entire home/apt,,Yellowknife,4,5,4,1,138,,62.458486,-114.345328,58:17.6
15008688,59990169,Entire home/apt,,Yellowknife,4,5,5,2,134,,62.447533,-114.371001,58:17.5
14964490,93539754,Entire home/apt,,Yellowknife,6,4.5,4,2,144,,62.43951,-114.406688,58:17.4
16587600,48017914,Entire home/apt,,Yellowknife,3,4.5,4,0,138,,62.459685,-114.343186,58:17.3
13866852,81984655,Entire home/apt,,Yellowknife,0,0,10,4,106,,62.447095,-114.38996,58:15.9
11550672,60975065,Entire home/apt,,Yellowknife,3,5,4,2,123,,62.465533,-114.373068,58:15.8
8226174,43377709,Entire home/apt,,Yellowknife,28,4.5,2,1,123,,62.437272,-114.41686,58:15.7
6156498,21731000,Entire home/apt,,Yellowknife,19,5,2,1,123,,62.464903,-114.351342,58:15.5
16589097,109143754,Entire home/apt,,Yellowknife,0,0,6,1,92,,62.454641,-114.382677,58:13.8
12211516,65680230,Entire home/apt,,Yellowknife,10,5,2,1,100,,62.451884,-114.369951,58:13.7
7243904,37730491,Entire home/apt,,Yellowknife,3,4.5,4,2,76,,62.45135,-114.364015,58:11.9
14900258,93539754,Entire home/apt,,Yellowknife,15,5,2,1,76,,62.439849,-114.406535,58:11.8
16692601,110543187,Entire home/apt,,Yellowknife,2,0,2,1,76,,62.440521,-114.424382,58:11.7
5106781,26388248,Entire home/apt,,Yellowknife,16,5,3,0,82,,62.464869,-114.365427,58:11.5
14824741,4825545,Entire home/apt,,Yellowknife,36,5,2,1,75,,62.460127,-114.363491,58:11.4
15537834,95753013,Entire home/apt,,Yellowknife,2,0,6,3,54,,62.440178,-114.410207,58:10.1
16779267,111438642,Private room,,Yellowknife,0,0,2,1,123,,62.460727,-114.356843,57:20.5
12796058,48017914,Private room,,Yellowknife,17,5,2,1,114,,62.459629,-114.342939,57:20.4
6701451,29009711,Private room,,Yellowknife,1,0,2,1,95,,62.469263,-114.346955,57:18.6
16297978,42056096,Private room,,Yellowknife,0,0,3,1,96,,62.464206,-114.358311,57:18.5
8446394,25827587,Private room,,Yellowknife,6,5,2,1,88,,62.450074,-114.420497,57:18.4
9998635,51364591,Private room,,Yellowknife,6,5,2,1,96,,62.446927,-114.374536,57:18.3
16297366,42056096,Private room,,Yellowknife,0,0,3,1,96,,62.462856,-114.359928,57:18.2
361208,1825523,Private room,,Yellowknife,17,5,2,1,84,,62.47303,-114.342687,57:18.0
5626734,25827587,Private room,,Yellowknife,12,5,2,1,84,,62.449907,-114.413256,57:17.9
15453753,91856436,Private room,,Yellowknife,2,0,4,1,78,,62.450208,-114.372278,57:15.8
6433388,28195028,Private room,,Yellowknife,13,4.5,2,1,76,,62.45054,-114.370558,57:15.7
5521862,28195028,Private room,,Yellowknife,0,0,2,1,73,,62.452116,-114.372181,57:15.6
6261276,28195028,Private room,,Yellowknife,10,4.5,3,1,76,,62.452526,-114.370341,57:15.5
15602397,5824802,Private room,,Yellowknife,2,0,2,1,63,,62.465585,-114.349541,57:15.3
16286210,42056096,Private room,,Yellowknife,0,0,2,1,80,,62.464439,-114.359539,57:15.2
6577784,26388248,Private room,,Yellowknife,74,5,2,1,69,,62.448686,-114.367895,57:15.1
6078813,6056067,Private room,,Yellowknife,57,5,4,1,75,,62.466921,-114.366072,57:13.6
5588903,6614402,Private room,,Yellowknife,21,5,2,1,68,,62.442129,-114.416639,57:13.4
16676052,110343930,Private room,,Yellowknife,4,5,2,1,68,,62.432987,-114.407731,57:13.3
14653841,31878662,Private room,,Yellowknife,10,4,5,1,76,,62.436276,-114.423491,57:13.2
1837366,1825523,Private room,,Yellowknife,6,5,2,1,76,,62.472185,-114.342046,57:13.1
16286422,42056096,Private room,,Yellowknife,0,0,2,1,80,,62.462547,-114.35909,57:13.0
6765510,6018080,Private room,,Yellowknife,10,5,2,1,76,,62.466339,-114.370555,57:12.9
5454224,28195028,Private room,,Yellowknife,16,5,1,1,63,,62.452547,-114.37082,57:12.7
2020094,1509188,Private room,,Yellowknife,32,4.5,2,1,69,,62.449769,-114.372152,57:12.6
15421250,5824802,Private room,,Yellowknife,7,5,2,1,65,,62.466787,-114.34924,57:12.5
16546628,26388248,Private room,,Yellowknife,5,5,2,1,65,,62.447859,-114.367343,57:12.4
5902621,25827587,Private room,,Yellowknife,33,5,2,1,69,,62.448306,-114.413256,57:12.3
1769821,1825523,Private room,,Yellowknife,21,4.5,2,1,76,,62.470965,-114.342648,57:12.2
6766821,6018080,Private room,,Yellowknife,7,5,2,1,76,,62.467012,-114.368242,57:12.1
5902250,25827587,Private room,,Yellowknife,14,5,2,1,76,,62.449862,-114.412859,57:11.9
4988093,6614402,Private room,,Yellowknife,41,5,2,1,71,,62.444204,-114.419327,57:11.8
16546289,108907052,Private room,,Yellowknife,6,5,2,1,65,,62.464034,-114.368169,57:11.7
5146235,26388248,Private room,,Yellowknife,68,5,3,1,78,,62.447758,-114.369388,57:11.5
14961568,1509188,Private room,,Yellowknife,7,4.5,2,1,61,,62.451585,-114.372458,57:09.6
15454014,99109865,Private room,,Yellowknife,10,5,2,1,61,,62.452008,-114.36612,57:09.5
16303118,106211065,Private room,,Yellowknife,1,0,2,1,61,,62.439526,-114.425051,57:09.3
11211267,1509188,Private room,,Yellowknife,27,4,2,1,58,,62.448712,-114.380837,57:09.2
15454407,99109865,Private room,,Yellowknife,12,5,2,1,54,,62.453754,-114.364865,57:09.1
17005952,110343930,Private room,,Yellowknife,1,0,2,1,47,,62.432987,-114.408415,57:06.9
9684913,2076510,Private room,,Yellowknife,18,5,2,1,58,,62.458113,-114.365487,57:06.8
12400760,9943987,Private room,,Yellowknife,17,5,2,2,58,,62.458281,-114.366202,57:06.7
10090993,29952958,Private room,,Yellowknife,16,5,2,1,58,,62.459155,-114.364413,57:06.5
15114038,95753013,Private room,,Yellowknife,9,5,4,1,54,,62.441808,-114.409534,57:06.4
17347258,117198983,Private room,,Yellowknife,0,0,1,1,54,,62.449152,-114.381598,57:06.3
15672130,13088952,Private room,,Yellowknife,4,5,2,1,53,,62.461077,-114.364214,57:06.2
4803490,21495533,Private room,,Yellowknife,16,4.5,2,1,46,,62.440045,-114.407787,57:06.1
16419813,11485740,Private room,,Yellowknife,8,5,2,1,42,,62.44007,-114.359673,57:06.0
12211564,12042079,Private room,,Yellowknife,12,4.5,2,1,54,,62.444921,-114.383939,57:05.9
13172757,15878363,Private room,,Yellowknife,4,5,2,1,44,,62.449234,-114.368954,57:05.8
8809378,12734522,Private room,,Yellowknife,10,4.5,2,1,55,,62.448111,-114.36873,57:05.6
2865417,1509188,Private room,,Yellowknife,14,4.5,2,1,58,,62.447892,-114.379096,57:05.5
10922520,54337862,Private room,,Yellowknife,44,5,2,1,49,,62.435552,-114.413047,57:05.4
15454676,99109865,Private room,,Yellowknife,22,5,2,1,46,,62.454172,-114.365948,57:05.3
15655507,5381863,Private room,,Yellowknife,4,5,2,1,54,,62.441239,-114.361812,57:05.2
16040011,26286417,Private room,,Yellowknife,7,5,2,1,57,,62.449677,-114.387743,57:05.1
14882665,93320156,Private room,,Yellowknife,24,5,2,1,54,,62.446441,-114.420906,57:05.0
17348010,15878363,Private room,,Yellowknife,1,0,2,1,34,,62.447351,-114.366986,57:03.0
16827309,102931482,Private room,,Yellowknife,3,5,1,1,34,,62.449031,-114.366996,57:02.9
15899732,102931482,Private room,,Yellowknife,17,5,2,1,40,,62.449632,-114.368065,57:02.8
11417659,54337862,Private room,,Yellowknife,30,5,2,1,38,,62.435914,-114.412332,56:57.0
6836834,35824253,Shared room,,Yellowknife,26,5,6,1,35,,62.444861,-114.417077,19:59.6
5594757,29009711,Entire home/apt,,Yellowknife,0,0,8,4,404,,62.467929,-114.348447,17:10.4
15251185,48418953,Entire home/apt,,Yellowknife,10,5,8,4,265,,62.453059,-114.385126,16:55.9
17071515,26388248,Entire home/apt,,Yellowknife,0,0,10,3,269,,62.448666,-114.368611,16:55.9
5454236,28195028,Entire home/apt,,Yellowknife,15,4,9,4,192,,62.45061,-114.371641,16:54.9
16332723,106916273,Entire home/apt,,Yellowknife,3,5,8,3,192,,62.436187,-114.429949,16:54.9
4822480,14170077,Entire home/apt,,Yellowknife,54,5,4,2,192,,62.463331,-114.352445,16:54.9
15450836,99109865,Entire home/apt,,Yellowknife,5,5,6,3,153,,62.454203,-114.366125,16:53.8
13442231,76722371,Entire home/apt,,Yellowknife,26,4.5,6,3,153,,62.467098,-114.346903,16:53.8
14964490,93539754,Entire home/apt,,Yellowknife,8,4.5,4,2,145,,62.43951,-114.406688,16:53.8
16097572,1274093,Entire home/apt,,Yellowknife,11,5,6,3,176,,62.4469,-114.380687,16:53.8
16374240,48017914,Entire home/apt,,Yellowknife,4,5,4,1,138,,62.458486,-114.345328,16:53.0
15008688,59990169,Entire home/apt,,Yellowknife,4,5,5,2,135,,62.447533,-114.371001,16:53.0
16587600,48017914,Entire home/apt,,Yellowknife,3,4.5,4,0,138,,62.459685,-114.343186,16:53.0
17446234,31859556,Entire home/apt,,Yellowknife,0,0,4,1,142,,62.472859,-114.343498,16:53.0
11550672,60975065,Entire home/apt,,Yellowknife,3,5,4,2,123,,62.465533,-114.373068,16:52.0
8226174,43377709,Entire home/apt,,Yellowknife,31,4.5,2,1,123,,62.437272,-114.41686,16:52.0
6156498,21731000,Entire home/apt,,Yellowknife,20,5,2,1,123,,62.464903,-114.351342,16:52.0
16589097,109143754,Entire home/apt,,Yellowknife,0,0,6,1,93,,62.454641,-114.382677,16:50.8
12211516,65680230,Entire home/apt,,Yellowknife,10,5,2,1,100,,62.451884,-114.369951,16:50.7
7243904,37730491,Entire home/apt,,Yellowknife,3,4.5,4,2,77,,62.45135,-114.364015,16:49.5
14900258,93539754,Entire home/apt,,Yellowknife,15,5,2,1,77,,62.439849,-114.406535,16:49.5
16692601,110543187,Entire home/apt,,Yellowknife,4,5,2,1,77,,62.440521,-114.424382,16:49.5
5106781,26388248,Entire home/apt,,Yellowknife,19,5,3,0,77,,62.464869,-114.365427,16:49.5
14824741,4825545,Entire home/apt,,Yellowknife,41,5,2,1,76,,62.460127,-114.363491,16:49.5
4803490,21495533,Private room,,Yellowknife,16,4.5,2,1,66,,62.440045,-114.407787,16:29.8
16779267,111438642,Private room,,Yellowknife,0,0,2,1,107,,62.460727,-114.356843,16:22.0
12796058,48017914,Private room,,Yellowknife,17,5,2,1,115,,62.459629,-114.342939,16:21.9
6701451,29009711,Private room,,Yellowknife,1,0,2,1,96,,62.469263,-114.346955,16:20.7
16297978,42056096,Private room,,Yellowknife,0,0,3,1,96,,62.464206,-114.358311,16:20.7
5626734,25827587,Private room,,Yellowknife,12,5,2,1,84,,62.449907,-114.413256,16:20.7
361208,1825523,Private room,,Yellowknife,18,5,2,1,84,,62.47303,-114.342687,16:20.7
9998635,51364591,Private room,,Yellowknife,6,5,2,1,96,,62.446927,-114.374536,16:20.7
16297366,42056096,Private room,,Yellowknife,0,0,3,1,96,,62.462856,-114.359928,16:20.7
8446394,25827587,Private room,,Yellowknife,6,5,2,1,89,,62.450074,-114.420497,16:20.7
5146235,26388248,Private room,,Yellowknife,71,5,3,1,93,,62.447758,-114.369388,16:20.7
5521862,28195028,Private room,,Yellowknife,0,0,2,1,73,,62.452116,-114.372181,16:19.2
6433388,28195028,Private room,,Yellowknife,13,4.5,2,1,77,,62.45054,-114.370558,16:19.2
16286210,42056096,Private room,,Yellowknife,0,0,2,1,80,,62.464439,-114.359539,16:19.2
5807187,11310054,Private room,,Yellowknife,1,0,2,1,77,,62.449342,-114.35603,16:19.2
15453753,91856436,Private room,,Yellowknife,2,0,4,1,79,,62.450208,-114.372278,16:19.2
6261276,28195028,Private room,,Yellowknife,12,4.5,3,1,77,,62.452526,-114.370341,16:19.2
15537834,95753013,Private room,,Yellowknife,2,0,6,3,65,,62.440178,-114.410207,16:19.2
15421250,5824802,Private room,,Yellowknife,8,5,2,1,65,,62.466787,-114.34924,16:19.2
1837366,1825523,Private room,,Yellowknife,7,5,2,1,77,,62.472185,-114.342046,16:19.2
4988093,6614402,Private room,,Yellowknife,44,5,2,1,71,,62.444204,-114.419327,16:19.2
16286422,42056096,Private room,,Yellowknife,1,0,2,1,80,,62.462547,-114.35909,16:17.5
6765510,6018080,Private room,,Yellowknife,10,5,2,1,77,,62.466339,-114.370555,16:17.5
5902621,25827587,Private room,,Yellowknife,33,5,2,1,69,,62.448306,-114.413256,16:17.5
5454224,28195028,Private room,,Yellowknife,16,5,1,1,63,,62.452547,-114.37082,16:17.5
6078813,6056067,Private room,,Yellowknife,60,5,4,1,76,,62.466921,-114.366072,16:17.4
15602397,5824802,Private room,,Yellowknife,4,5,2,1,63,,62.465585,-114.349541,16:17.4
16676052,110343930,Private room,,Yellowknife,4,5,2,1,68,,62.432987,-114.407731,16:17.4
1769821,1825523,Private room,,Yellowknife,23,4.5,2,1,77,,62.470965,-114.342648,16:17.4
6577784,26388248,Private room,,Yellowknife,76,5,2,1,69,,62.448686,-114.367895,16:17.4
6766821,6018080,Private room,,Yellowknife,7,5,2,1,77,,62.467012,-114.368242,16:17.4
5588903,6614402,Private room,,Yellowknife,22,5,2,1,68,,62.442129,-114.416639,16:17.4
15114038,95753013,Private room,,Yellowknife,11,5,4,2,65,,62.441808,-114.409534,16:17.4
5902250,25827587,Private room,,Yellowknife,14,5,2,1,77,,62.449862,-114.412859,16:17.4
2020094,1509188,Private room,,Yellowknife,32,4.5,2,1,69,,62.449769,-114.372152,16:17.4
15454014,99109865,Private room,,Yellowknife,14,5,2,1,62,,62.452008,-114.36612,16:15.7
17348010,15878363,Private room,,Yellowknife,1,0,2,1,49,,62.447351,-114.366986,16:15.7
9302206,47789706,Private room,,Yellowknife,29,4.5,1,1,62,,62.442306,-114.404245,16:14.8
17347258,117198983,Private room,,Yellowknife,0,0,1,1,54,,62.449152,-114.381598,16:14.8
17005952,110343930,Private room,,Yellowknife,2,0,2,1,47,,62.432987,-114.408415,16:14.8
16546628,26388248,Private room,,Yellowknife,8,5,2,1,62,,62.447859,-114.367343,16:14.8
9296487,21495533,Private room,,Yellowknife,21,4.5,1,1,49,,62.441762,-114.409459,16:14.8
12400760,9943987,Private room,,Yellowknife,17,5,2,2,58,,62.458281,-114.366202,16:14.8
15454407,99109865,Private room,,Yellowknife,16,5,2,1,54,,62.453754,-114.364865,16:14.8
15655507,5381863,Private room,,Yellowknife,6,4.5,2,1,54,,62.441239,-114.361812,16:14.8
10090993,29952958,Private room,,Yellowknife,18,5,2,1,58,,62.459155,-114.364413,16:14.8
10922520,54337862,Private room,,Yellowknife,47,5,2,1,42,,62.435552,-114.413047,16:14.8
12211564,12042079,Private room,,Yellowknife,14,4.5,2,1,54,,62.444921,-114.383939,16:14.8
8809378,12734522,Private room,,Yellowknife,11,4.5,2,1,57,,62.448111,-114.36873,16:14.8
16040011,26286417,Private room,,Yellowknife,12,5,2,1,57,,62.449677,-114.387743,16:14.8
16546289,108907052,Private room,,Yellowknife,9,5,2,1,62,,62.464034,-114.368169,16:14.8
13172757,15878363,Private room,,Yellowknife,7,5,2,1,56,,62.449234,-114.368954,16:14.8
15454676,99109865,Private room,,Yellowknife,26,5,2,1,46,,62.454172,-114.365948,16:14.8
14882665,93320156,Private room,,Yellowknife,29,5,2,1,54,,62.446441,-114.420906,16:14.8
15899732,102931482,Private room,,Yellowknife,24,5,2,1,44,,62.449632,-114.368065,16:14.8
11417659,54337862,Private room,,Yellowknife,33,5,2,1,38,,62.435914,-114.412332,16:13.2
16419813,11485740,Private room,,Yellowknife,11,5,2,1,38,,62.44007,-114.359673,16:13.2
16827309,102931482,Private room,,Yellowknife,7,5,1,1,37,,62.449031,-114.366996,16:11.9
6836834,35824253,Shared room,,Yellowknife,29,5,6,1,34,,62.444861,-114.417077,49:01.5
5594757,29009711,Entire home/apt,,Yellowknife,0,0,8,4,397,,62.467929,-114.348447,45:48.3
17071515,26388248,Entire home/apt,,Yellowknife,0,0,10,3,264,,62.448666,-114.368611,45:47.1
15251185,48418953,Entire home/apt,,Yellowknife,11,5,8,4,261,,62.453059,-114.385126,45:47.1
5454236,28195028,Entire home/apt,,Yellowknife,15,4,9,4,188,,62.45061,-114.371641,45:45.7
4822480,14170077,Entire home/apt,,Yellowknife,56,5,4,2,188,,62.463331,-114.352445,45:45.7
16332723,106916273,Entire home/apt,,Yellowknife,4,5,8,3,188,,62.436187,-114.429949,45:45.7
16097572,1274093,Entire home/apt,,Yellowknife,13,5,6,3,173,,62.4469,-114.380687,45:44.3
15450836,99109865,Entire home/apt,,Yellowknife,6,5,6,3,151,,62.454203,-114.366125,45:44.3
13442231,76722371,Entire home/apt,,Yellowknife,26,4.5,6,3,151,,62.467098,-114.346903,45:44.3
16587600,48017914,Entire home/apt,,Yellowknife,4,4.5,4,0,136,,62.459685,-114.343186,45:43.3
15008688,59990169,Entire home/apt,,Yellowknife,4,5,5,2,132,,62.447533,-114.371001,45:43.3
17446234,31859556,Entire home/apt,,Yellowknife,0,0,4,1,140,,62.472859,-114.343498,45:43.3
14964490,93539754,Entire home/apt,,Yellowknife,9,4.5,4,2,142,,62.43951,-114.406688,45:43.3
16374240,48017914,Entire home/apt,,Yellowknife,4,5,4,1,136,,62.458486,-114.345328,45:43.3
11550672,60975065,Entire home/apt,,Yellowknife,3,5,4,2,121,,62.465533,-114.373068,45:42.0
18275224,226001,Entire home/apt,,Yellowknife,0,0,6,3,112,,62.437306,-114.409231,45:42.0
8226174,43377709,Entire home/apt,,Yellowknife,31,4.5,2,1,121,,62.437272,-114.41686,45:42.0
6156498,21731000,Entire home/apt,,Yellowknife,21,5,2,1,121,,62.464903,-114.351342,45:42.0
16589097,109143754,Entire home/apt,,Yellowknife,0,0,6,1,91,,62.454641,-114.382677,45:40.5
12211516,65680230,Entire home/apt,,Yellowknife,10,5,2,1,98,,62.451884,-114.369951,45:40.5
7243904,37730491,Entire home/apt,,Yellowknife,3,4.5,4,2,75,,62.45135,-114.364015,45:38.4
14900258,93539754,Entire home/apt,,Yellowknife,15,5,2,1,75,,62.439849,-114.406535,45:38.4
16692601,110543187,Entire home/apt,,Yellowknife,5,5,2,1,75,,62.440521,-114.424382,45:38.4
14824741,4825545,Entire home/apt,,Yellowknife,41,5,2,1,75,,62.460127,-114.363491,45:38.4
5106781,26388248,Entire home/apt,,Yellowknife,23,5,3,0,75,,62.464869,-114.365427,45:38.4
6261276,28195028,Private room,,Yellowknife,12,4.5,3,1,75,,62.452526,-114.370341,45:15.5
18446402,63509379,Private room,,Yellowknife,0,0,5,3,188,,62.452818,-114.368358,45:11.2
16779267,111438642,Private room,,Yellowknife,1,0,2,1,106,,62.460727,-114.356843,45:08.4
12796058,48017914,Private room,,Yellowknife,17,5,2,1,113,,62.459629,-114.342939,45:08.4
6701451,29009711,Private room,,Yellowknife,1,0,2,1,94,,62.469263,-114.346955,45:07.0
16297366,42056096,Private room,,Yellowknife,0,0,3,1,95,,62.462856,-114.359928,45:07.0
16297978,42056096,Private room,,Yellowknife,0,0,3,1,95,,62.464206,-114.358311,45:07.0
6378983,29009711,Private room,,Yellowknife,4,5,2,1,94,,62.468392,-114.346411,45:07.0
8446394,25827587,Private room,,Yellowknife,6,5,2,1,87,,62.450074,-114.420497,45:07.0
361208,1825523,Private room,,Yellowknife,18,5,2,1,83,,62.47303,-114.342687,45:07.0
9998635,51364591,Private room,,Yellowknife,6,5,2,1,95,,62.446927,-114.374536,45:07.0
5626734,25827587,Private room,,Yellowknife,12,5,2,1,83,,62.449907,-114.413256,45:07.0
5146235,26388248,Private room,,Yellowknife,74,5,3,1,91,,62.447758,-114.369388,45:07.0
5521862,28195028,Private room,,Yellowknife,0,0,2,1,72,,62.452116,-114.372181,45:06.1
16286210,42056096,Private room,,Yellowknife,0,0,2,1,79,,62.464439,-114.359539,45:06.1
6433388,28195028,Private room,,Yellowknife,13,4.5,2,1,75,,62.45054,-114.370558,45:06.1
15537834,95753013,Private room,,Yellowknife,3,4.5,6,3,64,,62.440178,-114.410207,45:06.1
5807187,11310054,Private room,,Yellowknife,1,0,2,1,75,,62.449342,-114.35603,45:06.1
18545766,63509379,Private room,,Yellowknife,0,0,2,1,69,,62.453474,-114.37064,45:06.1
16286422,42056096,Private room,,Yellowknife,1,0,2,1,79,,62.462547,-114.35909,45:06.1
15453753,91856436,Private room,,Yellowknife,2,0,4,1,77,,62.450208,-114.372278,45:06.1
5588903,6614402,Private room,,Yellowknife,22,5,2,1,67,,62.442129,-114.416639,45:06.1
6766821,6018080,Private room,,Yellowknife,7,5,2,1,75,,62.467012,-114.368242,45:06.1
1769821,1825523,Private room,,Yellowknife,23,4.5,2,1,75,,62.470965,-114.342648,45:04.3
5902250,25827587,Private room,,Yellowknife,15,5,2,1,75,,62.449862,-114.412859,45:04.3
18544383,63509379,Private room,,Yellowknife,0,0,2,1,69,,62.453026,-114.371892,45:04.3
16676052,110343930,Private room,,Yellowknife,4,5,2,1,67,,62.432987,-114.407731,45:04.3
15421250,5824802,Private room,,Yellowknife,8,5,2,1,64,,62.466787,-114.34924,45:04.3
18490494,226001,Private room,,Yellowknife,0,0,2,1,64,,62.438853,-114.407469,45:04.3
6765510,6018080,Private room,,Yellowknife,10,5,2,1,75,,62.466339,-114.370555,45:04.3
18545868,63509379,Private room,,Yellowknife,0,0,2,1,69,,62.453745,-114.372242,45:04.3
4988093,6614402,Private room,,Yellowknife,45,5,2,1,70,,62.444204,-114.419327,45:04.3
6078813,6056067,Private room,,Yellowknife,62,5,4,1,75,,62.466921,-114.366072,45:04.3
15114038,95753013,Private room,,Yellowknife,11,5,4,2,64,,62.441808,-114.409534,45:04.3
16546289,108907052,Private room,,Yellowknife,14,5,2,1,64,,62.464034,-114.368169,45:04.3
1837366,1825523,Private room,,Yellowknife,7,5,2,1,75,,62.472185,-114.342046,45:04.3
18325408,122736033,Private room,,Yellowknife,0,0,6,4,68,,62.449104,-114.373541,45:04.3
5902621,25827587,Private room,,Yellowknife,33,5,2,1,68,,62.448306,-114.413256,45:04.3
2020094,1509188,Private room,,Yellowknife,32,4.5,2,1,68,,62.449769,-114.372152,45:04.3
8809378,12734522,Private room,,Yellowknife,12,4.5,2,1,64,,62.448111,-114.36873,45:04.3
16546628,26388248,Private room,,Yellowknife,9,5,2,1,61,,62.447859,-114.367343,45:02.5
16245448,106211065,Private room,,Yellowknife,2,0,1,1,44,,62.438808,-114.426439,45:01.3
4803490,21495533,Private room,,Yellowknife,16,4.5,2,1,45,,62.440045,-114.407787,45:01.3
9302206,47789706,Private room,,Yellowknife,29,4.5,1,1,61,,62.442306,-114.404245,45:01.3
15602397,5824802,Private room,,Yellowknife,4,5,2,1,62,,62.465585,-114.349541,45:01.3
5454224,28195028,Private room,,Yellowknife,18,4.5,1,1,62,,62.452547,-114.37082,45:01.3
17347258,117198983,Private room,,Yellowknife,0,0,1,1,53,,62.449152,-114.381598,45:01.3
17005952,110343930,Private room,,Yellowknife,2,0,2,1,46,,62.432987,-114.408415,45:01.3
18584733,226001,Private room,,Yellowknife,0,0,2,1,45,,62.437338,-114.407251,45:01.3
17348010,15878363,Private room,,Yellowknife,1,0,2,1,46,,62.447351,-114.366986,45:01.3
12211564,12042079,Private room,,Yellowknife,14,4.5,2,1,53,,62.444921,-114.383939,45:01.3
10090993,29952958,Private room,,Yellowknife,19,5,2,1,57,,62.459155,-114.364413,45:01.3
16040011,26286417,Private room,,Yellowknife,13,5,2,1,56,,62.449677,-114.387743,45:01.3
12400760,9943987,Private room,,Yellowknife,17,5,2,2,53,,62.458281,-114.366202,45:01.3
9296487,21495533,Private room,,Yellowknife,21,4.5,1,1,49,,62.441762,-114.409459,45:01.3
6577784,26388248,Private room,,Yellowknife,81,5,2,1,60,,62.448686,-114.367895,45:01.3
14882665,93320156,Private room,,Yellowknife,33,5,2,1,53,,62.446441,-114.420906,45:01.3
15899732,102931482,Private room,,Yellowknife,31,5,2,1,43,,62.449632,-114.368065,45:01.3
15454014,99109865,Private room,,Yellowknife,14,5,2,1,38,,62.452008,-114.36612,44:59.6
15454676,99109865,Private room,,Yellowknife,29,5,2,1,30,,62.454172,-114.365948,44:59.6
10922520,54337862,Private room,,Yellowknife,49,5,2,1,41,,62.435552,-114.413047,44:59.6
13172757,15878363,Private room,,Yellowknife,7,5,2,1,38,,62.449234,-114.368954,44:59.6
18585419,226001,Private room,,Yellowknife,0,0,2,0,30,,62.43733,-114.407124,44:59.6
16419813,11485740,Private room,,Yellowknife,13,5,2,1,30,,62.44007,-114.359673,44:59.6
15454407,99109865,Private room,,Yellowknife,23,5,2,1,35,,62.453754,-114.364865,44:59.6
11417659,54337862,Private room,,Yellowknife,36,5,2,1,38,,62.435914,-114.412332,44:59.6
16827309,102931482,Private room,,Yellowknife,10,5,1,1,36,,62.449031,-114.366996,44:58.2
6836834,35824253,Shared room,,Yellowknife,29,5,6,1,34,,62.444861,-114.417077,57:24.0
5594757,29009711,Entire home/apt,,Yellowknife,0,0,8,4,401,,62.467929,-114.348447,54:55.9
17071515,26388248,Entire home/apt,,Yellowknife,0,0,10,3,267,,62.448666,-114.368611,54:55.3
15251185,48418953,Entire home/apt,,Yellowknife,12,5,8,4,263,,62.453059,-114.385126,54:55.3
5454236,28195028,Entire home/apt,,Yellowknife,15,4,9,4,191,,62.45061,-114.371641,54:54.2
16332723,106916273,Entire home/apt,,Yellowknife,4,5,8,3,191,,62.436187,-114.429949,54:54.2
4822480,14170077,Entire home/apt,,Yellowknife,56,5,4,2,191,,62.463331,-114.352445,54:54.2
13442231,76722371,Entire home/apt,,Yellowknife,27,4.5,6,3,152,,62.467098,-114.346903,54:52.9
16097572,1274093,Entire home/apt,,Yellowknife,14,5,6,3,175,,62.4469,-114.380687,54:52.9
15450836,99109865,Entire home/apt,,Yellowknife,8,5,6,3,152,,62.454203,-114.366125,54:52.9
16374240,48017914,Entire home/apt,,Yellowknife,4,5,4,1,137,,62.458486,-114.345328,54:52.1
14964490,93539754,Entire home/apt,,Yellowknife,12,4.5,4,2,144,,62.43951,-114.406688,54:52.1
17446234,31859556,Entire home/apt,,Yellowknife,0,0,4,1,141,,62.472859,-114.343498,54:52.1
16587600,48017914,Entire home/apt,,Yellowknife,4,4.5,4,0,137,,62.459685,-114.343186,54:52.1
15008688,59990169,Entire home/apt,,Yellowknife,4,5,5,2,134,,62.447533,-114.371001,54:52.1
8226174,43377709,Entire home/apt,,Yellowknife,31,4.5,2,1,122,,62.437272,-114.41686,54:51.1
6156498,21731000,Entire home/apt,,Yellowknife,22,5,2,1,122,,62.464903,-114.351342,54:51.1
18275224,226001,Entire home/apt,,Yellowknife,2,0,6,3,113,,62.437306,-114.409231,54:51.1
12211516,65680230,Entire home/apt,,Yellowknife,14,5,2,1,99,,62.451884,-114.369951,54:49.5
18619622,76722371,Entire home/apt,,Yellowknife,0,0,2,1,83,,62.464861,-114.347852,54:49.5
16589097,109143754,Entire home/apt,,Yellowknife,0,0,6,1,92,,62.454641,-114.382677,54:49.5
7243904,37730491,Entire home/apt,,Yellowknife,3,4.5,4,2,76,,62.45135,-114.364015,54:48.8
14900258,93539754,Entire home/apt,,Yellowknife,15,5,2,1,76,,62.439849,-114.406535,54:48.8
5106781,26388248,Entire home/apt,,Yellowknife,26,5,3,0,76,,62.464869,-114.365427,54:48.8
14824741,4825545,Entire home/apt,,Yellowknife,41,5,2,1,75,,62.460127,-114.363491,54:48.8
6378983,29009711,Private room,,Yellowknife,4,5,2,1,95,,62.468392,-114.346411,54:33.2
18446402,63509379,Private room,,Yellowknife,0,0,5,3,191,,62.452818,-114.368358,54:27.8
12796058,48017914,Private room,,Yellowknife,17,5,2,1,114,,62.459629,-114.342939,54:25.6
16779267,111438642,Private room,,Yellowknife,1,0,2,1,107,,62.460727,-114.356843,54:25.6
16297978,42056096,Private room,,Yellowknife,0,0,3,1,102,,62.464206,-114.358311,54:25.0
16286210,42056096,Private room,,Yellowknife,0,0,2,1,83,,62.464439,-114.359539,54:25.0
16297366,42056096,Private room,,Yellowknife,0,0,3,1,102,,62.462856,-114.359928,54:25.0
6701451,29009711,Private room,,Yellowknife,1,0,2,1,95,,62.469263,-114.346955,54:25.0
9998635,51364591,Private room,,Yellowknife,6,5,2,1,96,,62.446927,-114.374536,54:25.0
8446394,25827587,Private room,,Yellowknife,6,5,2,1,88,,62.450074,-114.420497,54:25.0
16286422,42056096,Private room,,Yellowknife,2,0,2,1,83,,62.462547,-114.35909,54:25.0
361208,1825523,Private room,,Yellowknife,18,5,2,1,83,,62.47303,-114.342687,54:25.0
5626734,25827587,Private room,,Yellowknife,12,5,2,1,83,,62.449907,-114.413256,54:25.0
5146235,26388248,Private room,,Yellowknife,76,5,3,1,92,,62.447758,-114.369388,54:25.0
5521862,28195028,Private room,,Yellowknife,0,0,2,1,72,,62.452116,-114.372181,54:23.5
6261276,28195028,Private room,,Yellowknife,12,4.5,3,1,76,,62.452526,-114.370341,54:23.5
15453753,91856436,Private room,,Yellowknife,2,0,4,1,78,,62.450208,-114.372278,54:23.5
15421250,5824802,Private room,,Yellowknife,8,5,2,1,65,,62.466787,-114.34924,54:23.5
6765510,6018080,Private room,,Yellowknife,10,5,2,1,76,,62.466339,-114.370555,54:23.5
6433388,28195028,Private room,,Yellowknife,13,4.5,2,1,76,,62.45054,-114.370558,54:23.5
15537834,95753013,Private room,,Yellowknife,3,4.5,6,3,65,,62.440178,-114.410207,54:23.5
1769821,1825523,Private room,,Yellowknife,24,4.5,2,1,76,,62.470965,-114.342648,54:23.5
18545766,63509379,Private room,,Yellowknife,0,0,2,1,69,,62.453474,-114.37064,54:21.8
15602397,5824802,Private room,,Yellowknife,4,5,2,1,63,,62.465585,-114.349541,54:21.8
6078813,6056067,Private room,,Yellowknife,63,5,4,1,75,,62.466921,-114.366072,54:21.8
5807187,11310054,Private room,,Yellowknife,1,0,2,1,76,,62.449342,-114.35603,54:21.8
18490494,226001,Private room,,Yellowknife,0,0,2,1,65,,62.438853,-114.407469,54:21.8
5454224,28195028,Private room,,Yellowknife,19,4.5,1,1,63,,62.452547,-114.37082,54:21.8
6766821,6018080,Private room,,Yellowknife,7,5,2,1,76,,62.467012,-114.368242,54:21.8
5902250,25827587,Private room,,Yellowknife,15,5,2,1,76,,62.449862,-114.412859,54:21.8
14933107,49121963,Private room,,Yellowknife,0,0,2,1,69,,62.464407,-114.363184,54:21.8
16676052,110343930,Private room,,Yellowknife,4,5,2,1,68,,62.432987,-114.407731,54:21.8
18544383,63509379,Private room,,Yellowknife,0,0,2,1,69,,62.453026,-114.371892,54:21.8
1837366,1825523,Private room,,Yellowknife,7,5,2,1,76,,62.472185,-114.342046,54:21.8
15114038,95753013,Private room,,Yellowknife,11,5,4,2,65,,62.441808,-114.409534,54:21.8
8809378,12734522,Private room,,Yellowknife,16,4.5,2,1,64,,62.448111,-114.36873,54:21.8
18325408,122736033,Private room,,Yellowknife,1,0,1,1,65,,62.449104,-114.373541,54:21.8
5902621,25827587,Private room,,Yellowknife,33,5,2,1,72,,62.448306,-114.413256,54:21.8
16546289,108907052,Private room,,Yellowknife,15,5,2,1,65,,62.464034,-114.368169,54:21.8
17909252,122736033,Private room,,Yellowknife,0,0,7,4,55,,62.449308,-114.37314,54:20.0
15454014,99109865,Private room,,Yellowknife,15,5,2,1,61,,62.452008,-114.36612,54:20.0
4803490,21495533,Private room,,Yellowknife,16,4.5,2,1,45,,62.440045,-114.407787,54:19.9
17909498,122736033,Private room,,Yellowknife,0,0,1,1,62,,62.447455,-114.373419,54:19.9
16546628,26388248,Private room,,Yellowknife,10,5,2,1,61,,62.447859,-114.367343,54:19.9
14579425,35824253,Private room,,Yellowknife,0,0,2,1,54,,62.445188,-114.415491,54:19.9
18584733,226001,Private room,,Yellowknife,0,0,2,1,45,,62.437338,-114.407251,54:18.4
16245448,106211065,Private room,,Yellowknife,3,5,1,1,45,,62.438808,-114.426439,54:18.4
15454407,99109865,Private room,,Yellowknife,26,5,2,1,54,,62.453754,-114.364865,54:18.4
12211564,12042079,Private room,,Yellowknife,14,4.5,2,1,54,,62.444921,-114.383939,54:18.4
9302206,47789706,Private room,,Yellowknife,30,5,1,1,61,,62.442306,-114.404245,54:18.4
10090993,29952958,Private room,,Yellowknife,20,5,2,1,58,,62.459155,-114.364413,54:18.4
9296487,21495533,Private room,,Yellowknife,21,4.5,1,1,49,,62.441762,-114.409459,54:18.4
18545868,63509379,Private room,,Yellowknife,0,0,2,1,58,,62.453745,-114.372242,54:18.4
17005952,110343930,Private room,,Yellowknife,2,0,2,1,47,,62.432987,-114.408415,54:18.4
17829045,121920058,Private room,,Yellowknife,0,0,2,1,45,,62.44757,-114.36271,54:18.4
17348010,15878363,Private room,,Yellowknife,1,0,2,1,47,,62.447351,-114.366986,54:18.4
12400760,9943987,Private room,,Yellowknife,17,5,2,1,54,,62.458281,-114.366202,54:18.4
15899732,102931482,Private room,,Yellowknife,33,5,2,1,44,,62.449632,-114.368065,54:18.4
18734341,122736033,Private room,,Yellowknife,1,0,1,1,49,,62.449427,-114.375278,54:18.4
14882665,93320156,Private room,,Yellowknife,35,5,2,1,54,,62.446441,-114.420906,54:18.4
16040011,26286417,Private room,,Yellowknife,15,5,2,1,57,,62.449677,-114.387743,54:18.4
15454676,99109865,Private room,,Yellowknife,33,5,2,1,45,,62.454172,-114.365948,54:18.3
6577784,26388248,Private room,,Yellowknife,82,5,2,1,60,,62.448686,-114.367895,54:18.3
10922520,54337862,Private room,,Yellowknife,50,5,2,1,34,,62.435552,-114.413047,54:17.2
7064308,37040502,Private room,,Yellowknife,28,5,2,1,37,,62.434496,-114.417293,54:17.2
18585419,226001,Private room,,Yellowknife,1,0,2,0,31,,62.43733,-114.407124,54:17.2
16827309,102931482,Private room,,Yellowknife,10,5,1,1,37,,62.449031,-114.366996,54:17.2
13172757,15878363,Private room,,Yellowknife,7,5,2,1,38,,62.449234,-114.368954,54:17.2
16419813,11485740,Private room,,Yellowknife,15,5,2,1,30,,62.44007,-114.359673,54:17.2
11417659,54337862,Private room,,Yellowknife,36,5,2,1,31,,62.435914,-114.412332,54:15.7
6836834,35824253,Shared room,,Yellowknife,30,5,2,1,36,,62.444861,-114.417077,52:58.4
5594757,29009711,Entire home/apt,,Yellowknife,0,0,8,4,420,,62.467929,-114.348447,49:15.4
17071515,26388248,Entire home/apt,,Yellowknife,0,0,10,3,280,,62.448666,-114.368611,49:14.8
15251185,48418953,Entire home/apt,,Yellowknife,14,5,8,4,276,,62.453059,-114.385126,49:14.8
5454236,28195028,Entire home/apt,,Yellowknife,15,4,9,4,200,,62.45061,-114.371641,49:13.5
16332723,106916273,Entire home/apt,,Yellowknife,6,5,8,3,200,,62.436187,-114.429949,49:13.5
4822480,14170077,Entire home/apt,,Yellowknife,58,5,4,2,200,,62.463331,-114.352445,49:13.5
13442231,76722371,Entire home/apt,,Yellowknife,30,4.5,6,3,160,,62.467098,-114.346903,49:11.6
15450836,99109865,Entire home/apt,,Yellowknife,10,5,6,3,160,,62.454203,-114.366125,49:11.6
16097572,1274093,Entire home/apt,,Yellowknife,15,5,6,3,183,,62.4469,-114.380687,49:11.6
17446234,31859556,Entire home/apt,,Yellowknife,1,0,4,2,148,,62.472859,-114.343498,49:11.6
16587600,48017914,Entire home/apt,,Yellowknife,6,4.5,4,0,144,,62.459685,-114.343186,49:10.9
15008688,59990169,Entire home/apt,,Yellowknife,4,5,5,2,140,,62.447533,-114.371001,49:10.9
6156498,21731000,Entire home/apt,,Yellowknife,22,5,2,1,128,,62.464903,-114.351342,49:10.9
16374240,48017914,Entire home/apt,,Yellowknife,4,5,4,1,144,,62.458486,-114.345328,49:10.9
12211516,65680230,Entire home/apt,,Yellowknife,15,5,2,1,104,,62.451884,-114.369951,49:10.2
14964490,93539754,Entire home/apt,,Yellowknife,13,4.5,4,2,116,,62.43951,-114.406688,49:10.1
18275224,226001,Entire home/apt,,Yellowknife,5,5,6,3,119,,62.437306,-114.409231,49:10.1
16589097,109143754,Entire home/apt,,Yellowknife,0,0,6,1,96,,62.454641,-114.382677,49:09.6
18619622,76722371,Entire home/apt,,Yellowknife,1,0,2,1,88,,62.464861,-114.347852,49:09.6
7243904,37730491,Entire home/apt,,Yellowknife,3,4.5,4,2,80,,62.45135,-114.364015,49:08.3
14900258,93539754,Entire home/apt,,Yellowknife,15,5,2,1,80,,62.439849,-114.406535,49:08.3
16692601,110543187,Entire home/apt,,Yellowknife,5,5,2,1,80,,62.440521,-114.424382,49:08.3
14824741,4825545,Entire home/apt,,Yellowknife,41,5,2,1,79,,62.460127,-114.363491,49:08.3
5106781,26388248,Entire home/apt,,Yellowknife,28,5,3,0,80,,62.464869,-114.365427,49:08.3
1769821,1825523,Private room,,Yellowknife,24,4.5,2,1,93,,62.470965,-114.342648,48:42.0
18545766,63509379,Private room,,Yellowknife,0,0,2,1,67,,62.453474,-114.37064,48:40.4
5902250,25827587,Private room,,Yellowknife,15,5,2,1,80,,62.449862,-114.412859,48:28.9
15602397,5824802,Private room,,Yellowknife,4,5,2,1,71,,62.465585,-114.349541,48:28.9
18446402,63509379,Private room,,Yellowknife,0,0,5,3,200,,62.452818,-114.368358,48:23.5
16297978,42056096,Private room,,Yellowknife,0,0,3,1,107,,62.464206,-114.358311,48:19.8
16297366,42056096,Private room,,Yellowknife,0,0,3,1,107,,62.462856,-114.359928,48:19.8
12796058,48017914,Private room,,Yellowknife,17,5,2,1,119,,62.459629,-114.342939,48:19.8
16779267,111438642,Private room,,Yellowknife,2,0,2,1,112,,62.460727,-114.356843,48:19.8
6378983,29009711,Private room,,Yellowknife,4,5,2,1,99,,62.468392,-114.346411,48:19.1
16286210,42056096,Private room,,Yellowknife,1,0,2,1,88,,62.464439,-114.359539,48:19.1
9998635,51364591,Private room,,Yellowknife,6,5,2,1,100,,62.446927,-114.374536,48:19.1
6701451,29009711,Private room,,Yellowknife,1,0,2,1,99,,62.469263,-114.346955,48:19.1
6261276,28195028,Private room,,Yellowknife,12,4.5,3,1,88,,62.452526,-114.370341,48:19.1
16286422,42056096,Private room,,Yellowknife,2,0,2,1,88,,62.462547,-114.35909,48:19.1
8446394,25827587,Private room,,Yellowknife,6,5,2,1,92,,62.450074,-114.420497,48:19.1
6078813,6056067,Private room,,Yellowknife,64,5,4,1,88,,62.466921,-114.366072,48:19.1
5146235,26388248,Private room,,Yellowknife,79,5,3,1,96,,62.447758,-114.369388,48:19.0
5626734,25827587,Private room,,Yellowknife,12,5,2,1,88,,62.449907,-114.413256,48:19.0
6433388,28195028,Private room,,Yellowknife,13,4.5,2,1,80,,62.45054,-114.370558,48:17.4
15537834,95753013,Private room,,Yellowknife,3,4.5,6,3,68,,62.440178,-114.410207,48:17.4
18544383,63509379,Private room,,Yellowknife,0,0,2,1,73,,62.453026,-114.371892,48:17.4
15453753,91856436,Private room,,Yellowknife,2,0,4,1,82,,62.450208,-114.372278,48:16.5
5807187,11310054,Private room,,Yellowknife,1,0,2,1,80,,62.449342,-114.35603,48:16.5
1837366,1825523,Private room,,Yellowknife,7,5,2,1,80,,62.472185,-114.342046,48:16.5
18545868,63509379,Private room,,Yellowknife,0,0,2,1,67,,62.453745,-114.372242,48:16.5
6577784,26388248,Private room,,Yellowknife,85,5,2,1,63,,62.448686,-114.367895,48:16.5
15421250,5824802,Private room,,Yellowknife,8,5,2,1,68,,62.466787,-114.34924,48:16.5
5454224,28195028,Private room,,Yellowknife,21,4.5,1,1,66,,62.452547,-114.37082,48:16.5
12400760,9943987,Private room,,Yellowknife,18,5,2,1,63,,62.458281,-114.366202,48:16.5
18490494,226001,Private room,,Yellowknife,0,0,2,1,68,,62.438853,-114.407469,48:16.5
15114038,95753013,Private room,,Yellowknife,11,5,4,2,68,,62.441808,-114.409534,48:16.4
9302206,47789706,Private room,,Yellowknife,30,5,1,1,64,,62.442306,-114.404245,48:16.4
5902621,25827587,Private room,,Yellowknife,33,5,2,1,76,,62.448306,-114.413256,48:16.4
18325408,122736033,Private room,,Yellowknife,1,0,1,1,68,,62.449104,-114.373541,48:16.4
361208,1825523,Private room,,Yellowknife,18,5,2,1,80,,62.47303,-114.342687,48:16.4
14579425,35824253,Private room,,Yellowknife,0,0,2,1,72,,62.445188,-114.415491,48:16.4
16546628,26388248,Private room,,Yellowknife,12,5,2,1,64,,62.447859,-114.367343,48:16.4
15454014,99109865,Private room,,Yellowknife,15,5,2,1,64,,62.452008,-114.36612,48:16.4
16546289,108907052,Private room,,Yellowknife,15,5,2,1,68,,62.464034,-114.368169,48:16.4
4803490,21495533,Private room,,Yellowknife,16,4.5,2,1,48,,62.440045,-114.407787,48:14.3
16245448,106211065,Private room,,Yellowknife,3,5,1,1,47,,62.438808,-114.426439,48:14.3
17909252,122736033,Private room,,Yellowknife,0,0,1,1,58,,62.449308,-114.37314,48:14.3
18584733,226001,Private room,,Yellowknife,0,0,2,1,48,,62.437338,-114.407251,48:14.3
12211564,12042079,Private room,,Yellowknife,14,4.5,2,1,56,,62.444921,-114.383939,48:14.3
17829045,121920058,Private room,,Yellowknife,1,0,2,1,52,,62.44757,-114.36271,48:14.3
15454407,99109865,Private room,,Yellowknife,26,5,2,1,56,,62.453754,-114.364865,48:14.3
10090993,29952958,Private room,,Yellowknife,21,5,2,1,60,,62.459155,-114.364413,48:14.3
9296487,21495533,Private room,,Yellowknife,21,4.5,1,1,52,,62.441762,-114.409459,48:14.3
19659623,40077725,Private room,,Yellowknife,0,0,2,1,52,,62.448851,-114.38578,48:14.2
17348010,15878363,Private room,,Yellowknife,1,0,2,1,49,,62.447351,-114.366986,48:14.2
15899732,102931482,Private room,,Yellowknife,35,5,2,1,46,,62.449632,-114.368065,48:14.2
18734341,122736033,Private room,,Yellowknife,1,0,1,1,60,,62.449427,-114.375278,48:14.2
14882665,93320156,Private room,,Yellowknife,36,5,2,1,56,,62.446441,-114.420906,48:14.2
15454676,99109865,Private room,,Yellowknife,33,5,2,1,48,,62.454172,-114.365948,48:14.2
16040011,26286417,Private room,,Yellowknife,15,5,2,1,59,,62.449677,-114.387743,48:14.2
16419813,11485740,Private room,,Yellowknife,20,5,2,1,44,,62.44007,-114.359673,48:14.2
7064308,37040502,Private room,,Yellowknife,29,5,2,1,39,,62.434496,-114.417293,48:12.4
10922520,54337862,Private room,,Yellowknife,52,5,2,1,36,,62.435552,-114.413047,48:12.4
18585419,226001,Private room,,Yellowknife,1,0,2,0,32,,62.43733,-114.407124,48:12.4
16827309,102931482,Private room,,Yellowknife,13,5,1,1,40,,62.449031,-114.366996,48:12.4
13172757,15878363,Private room,,Yellowknife,8,5,2,1,40,,62.449234,-114.368954,48:12.4
11417659,54337862,Private room,,Yellowknife,39,5,2,1,32,,62.435914,-114.412332,48:11.7
6836834,35824253,Shared room,,Yellowknife,31,5,1,1,44,,62.444861,-114.417077,14:13.7
17071515,26388248,Entire home/apt,,Yellowknife,0,0,10,3,280,,62.448666,-114.368611,10:46.8
15251185,48418953,Entire home/apt,,Yellowknife,16,5,8,4,280,,62.453059,-114.385126,10:46.8
5454236,28195028,Entire home/apt,,Yellowknife,15,4,9,4,203,,62.45061,-114.371641,10:46.1
16332723,106916273,Entire home/apt,,Yellowknife,8,5,8,3,203,,62.436187,-114.429949,10:46.1
16097572,1274093,Entire home/apt,,Yellowknife,16,5,6,3,194,,62.4469,-114.380687,10:46.1
4822480,14170077,Entire home/apt,,Yellowknife,61,5,4,2,203,,62.463331,-114.352445,10:46.1
15450836,99109865,Entire home/apt,,Yellowknife,12,5,6,3,163,,62.454203,-114.366125,10:45.3
13442231,76722371,Entire home/apt,,Yellowknife,31,4.5,6,3,163,,62.467098,-114.346903,10:45.2
17446234,31859556,Entire home/apt,,Yellowknife,3,5,4,2,150,,62.472859,-114.343498,10:45.2
6156498,21731000,Entire home/apt,,Yellowknife,22,5,2,1,130,,62.464903,-114.351342,10:44.0
15008688,59990169,Entire home/apt,,Yellowknife,6,4.5,5,2,142,,62.447533,-114.371001,10:44.0
14964490,93539754,Entire home/apt,,Yellowknife,14,4.5,4,2,130,,62.43951,-114.406688,10:44.0
8226174,43377709,Entire home/apt,,Yellowknife,31,4.5,2,1,130,,62.437272,-114.41686,10:44.0
16605955,109575061,Entire home/apt,,Yellowknife,0,0,2,1,105,,62.440571,-114.419767,10:42.6
12211516,65680230,Entire home/apt,,Yellowknife,15,5,2,1,105,,62.451884,-114.369951,10:42.6
18275224,226001,Entire home/apt,,Yellowknife,6,5,7,3,121,,62.437306,-114.409231,10:42.6
16589097,109143754,Entire home/apt,,Yellowknife,0,0,6,1,98,,62.454641,-114.382677,10:41.2
18619622,76722371,Entire home/apt,,Yellowknife,2,0,2,1,90,,62.464861,-114.347852,10:41.2
16692601,110543187,Entire home/apt,,Yellowknife,7,5,2,1,81,,62.440521,-114.424382,10:39.9
7243904,37730491,Entire home/apt,,Yellowknife,3,4.5,4,2,81,,62.45135,-114.364015,10:39.9
14900258,93539754,Entire home/apt,,Yellowknife,15,5,2,1,81,,62.439849,-114.406535,10:39.9
14824741,4825545,Entire home/apt,,Yellowknife,44,5,2,1,80,,62.460127,-114.363491,10:39.9
5106781,26388248,Entire home/apt,,Yellowknife,29,5,3,0,81,,62.464869,-114.365427,10:39.9
15537834,95753013,Private room,,Yellowknife,3,4.5,6,3,102,,62.440178,-114.410207,10:20.8
1769821,1825523,Private room,,Yellowknife,24,4.5,2,1,94,,62.470965,-114.342648,10:20.8
12211564,12042079,Private room,,Yellowknife,14,4.5,2,1,69,,62.444921,-114.383939,10:19.0
18446402,63509379,Private room,,Yellowknife,0,0,5,3,203,,62.452818,-114.368358,10:11.3
16779267,111438642,Private room,,Yellowknife,3,5,2,1,113,,62.460727,-114.356843,10:09.2
16297978,42056096,Private room,,Yellowknife,0,0,3,1,101,,62.464206,-114.358311,10:08.7
16286422,42056096,Private room,,Yellowknife,2,0,2,1,85,,62.462547,-114.35909,10:08.7
6701451,29009711,Private room,,Yellowknife,1,0,2,1,101,,62.469263,-114.346955,10:08.7
16286210,42056096,Private room,,Yellowknife,1,0,2,1,90,,62.464439,-114.359539,10:08.7
8446394,25827587,Private room,,Yellowknife,6,5,2,1,94,,62.450074,-114.420497,10:08.7
9998635,51364591,Private room,,Yellowknife,6,5,2,1,101,,62.446927,-114.374536,10:08.7
6261276,28195028,Private room,,Yellowknife,12,4.5,3,1,90,,62.452526,-114.370341,10:08.7
16297366,42056096,Private room,,Yellowknife,1,0,3,1,101,,62.462856,-114.359928,10:08.7
361208,1825523,Private room,,Yellowknife,18,5,2,1,90,,62.47303,-114.342687,10:08.7
5626734,25827587,Private room,,Yellowknife,12,5,2,1,90,,62.449907,-114.413256,10:08.7
6078813,6056067,Private room,,Yellowknife,68,5,2,1,89,,62.466921,-114.366072,10:08.7
5146235,26388248,Private room,,Yellowknife,81,5,3,1,98,,62.447758,-114.369388,10:08.7
6433388,28195028,Private room,,Yellowknife,13,4.5,2,1,81,,62.45054,-114.370558,10:06.6
5807187,11310054,Private room,,Yellowknife,1,0,2,1,81,,62.449342,-114.35603,10:06.6
18545766,63509379,Private room,,Yellowknife,0,0,2,1,74,,62.453474,-114.37064,10:06.6
5902250,25827587,Private room,,Yellowknife,15,5,2,1,81,,62.449862,-114.412859,10:06.6
18544383,63509379,Private room,,Yellowknife,0,0,2,1,74,,62.453026,-114.371892,10:04.9
15421250,5824802,Private room,,Yellowknife,8,5,2,1,69,,62.466787,-114.34924,10:04.9
16303118,106211065,Private room,,Yellowknife,1,0,2,1,65,,62.439526,-114.425051,10:04.9
6577784,26388248,Private room,,Yellowknife,88,5,2,1,64,,62.448686,-114.367895,10:04.9
18490494,226001,Private room,,Yellowknife,0,0,2,1,69,,62.438853,-114.407469,10:04.9
9302206,47789706,Private room,,Yellowknife,30,5,1,1,65,,62.442306,-114.404245,10:04.9
1837366,1825523,Private room,,Yellowknife,7,5,2,1,81,,62.472185,-114.342046,10:04.9
14579425,35824253,Private room,,Yellowknife,0,0,2,1,73,,62.445188,-114.415491,10:04.9
15114038,95753013,Private room,,Yellowknife,11,5,4,2,69,,62.441808,-114.409534,10:04.9
17909252,122736033,Private room,,Yellowknife,0,0,1,1,66,,62.449308,-114.37314,10:04.9
5454224,28195028,Private room,,Yellowknife,22,4.5,1,1,67,,62.452547,-114.37082,10:04.9
5807186,11310054,Private room,,Yellowknife,1,0,2,1,73,,62.452952,-114.371048,10:04.9
5902621,25827587,Private room,,Yellowknife,33,5,2,1,77,,62.448306,-114.413256,10:04.9
14790717,14828046,Private room,,Yellowknife,25,5,2,1,81,,62.457927,-114.361619,10:04.9
15454014,99109865,Private room,,Yellowknife,15,5,2,1,65,,62.452008,-114.36612,10:04.9
16546628,26388248,Private room,,Yellowknife,14,5,2,1,65,,62.447859,-114.367343,10:04.9
18325408,122736033,Private room,,Yellowknife,3,5,1,1,69,,62.449104,-114.373541,10:04.9
16546289,108907052,Private room,,Yellowknife,19,5,2,1,69,,62.464034,-114.368169,10:04.9
4803490,21495533,Private room,,Yellowknife,16,4.5,2,1,48,,62.440045,-114.407787,10:03.1
17348010,47908773,Private room,,Yellowknife,1,0,2,1,50,,62.447351,-114.366986,10:03.1
18545868,63509379,Private room,,Yellowknife,0,0,2,1,61,,62.453745,-114.372242,10:03.1
16245448,106211065,Private room,,Yellowknife,3,5,1,1,47,,62.438808,-114.426439,10:01.6
19914174,32270085,Private room,,Yellowknife,0,0,2,1,61,,62.447943,-114.385248,10:01.6
16040011,26286417,Private room,,Yellowknife,15,5,2,1,60,,62.449677,-114.387743,10:01.6
17513435,11485740,Private room,,Yellowknife,0,0,2,1,61,,62.440236,-114.360202,10:01.6
18584733,226001,Private room,,Yellowknife,0,0,2,1,48,,62.437338,-114.407251,10:01.6
18734341,122736033,Private room,,Yellowknife,1,0,1,1,61,,62.449427,-114.375278,10:01.6
7064308,37040502,Private room,,Yellowknife,29,5,2,1,44,,62.434496,-114.417293,10:01.6
10090993,29952958,Private room,,Yellowknife,21,5,2,1,61,,62.459155,-114.364413,10:01.6
15454676,99109865,Private room,,Yellowknife,35,5,2,1,48,,62.454172,-114.365948,10:01.6
17829045,121920058,Private room,,Yellowknife,3,5,2,1,60,,62.44757,-114.36271,10:01.6
13172757,15878363,Private room,,Yellowknife,10,5,2,1,57,,62.449234,-114.368954,10:01.6
19659623,40077725,Private room,,Yellowknife,1,0,2,1,53,,62.448851,-114.38578,10:01.6
16419813,11485740,Private room,,Yellowknife,25,5,2,1,44,,62.44007,-114.359673,10:01.6
17909498,122736033,Private room,,Yellowknife,1,0,1,1,59,,62.447455,-114.373419,10:01.6
15454407,99109865,Private room,,Yellowknife,27,5,2,1,57,,62.453754,-114.364865,10:01.6
10922520,54337862,Private room,,Yellowknife,56,5,2,1,48,,62.435552,-114.413047,10:01.6
15899732,102931482,Private room,,Yellowknife,40,5,2,1,47,,62.449632,-114.368065,10:01.6
14882665,93320156,Private room,,Yellowknife,36,5,2,1,57,,62.446441,-114.420906,10:01.6
18585419,226001,Private room,,Yellowknife,1,0,3,1,33,,62.43733,-114.407124,09:59.6
11417659,54337862,Private room,,Yellowknife,43,5,2,1,40,,62.435914,-114.412332,09:59.6
16827309,102931482,Private room,,Yellowknife,19,5,1,1,40,,62.449031,-114.366996,09:58.9
